"run1","run2","run3","run4","run5","run6","run7","run8","run9","run10","run11","run12","run13","run14","run15","run16","run17","run18","run19","run20","run21","run22","run23","run24","run25","run26","run27","run28","run29","run30","run31","run32","run33","run34","run35","run36","run37","run38","run39","run40","run41","run42","run43","run44","run45","run46","run47","run48","run49","run50","run51","run52","run53","run54","run55","run56","run57","run58","run59","run60","run61","run62","run63","run64","run65","run66","run67","run68","run69","run70","run71","run72","run73","run74","run75","run76","run77","run78","run79","run80","run81","run82","run83","run84","run85","run86","run87","run88","run89","run90","run91","run92","run93","run94","run95","run96","run97","run98","run99","run100"
0.4618185,0.4655975,0.430527,0.4284625,0.4316455,0.443277,0.428879,0.479027,0.3989555,0.4902535,0.4384825,0.4280905,0.445248,0.447377,0.445122,0.463286,0.429213,0.4248525,0.406027,0.4705655,0.4285485,0.4636775,0.437231,0.4633455,0.418499,0.4073555,0.453621,0.462559,0.4393555,0.41372,0.4637895,0.4324395,0.407373,0.392738,0.422092,0.428709,0.4331785,0.4255345,0.4599995,0.4670815,0.403984,0.4269945,0.4336375,0.4656195,0.4278285,0.418026,0.4241115,0.4292475,0.4303935,0.4445885,0.4255315,0.4491975,0.4156975,0.4091845,0.442118,0.415123,0.4279255,0.4402905,0.421144,0.417908,0.4723345,0.4335865,0.4593175,0.4589645,0.4524785,0.4354275,0.432158,0.4398125,0.423416,0.4391245,0.446561,0.436971,0.445301,0.4400895,0.446506,0.430883,0.404087,0.4486515,0.4013765,0.454441,0.455566,0.440427,0.448212,0.4221455,0.415743,0.423575,0.415167,0.4718155,0.467316,0.4817645,0.421958,0.4341345,0.4154815,0.4427275,0.459628,0.423636,0.443873,0.3934245,0.440613,0.4298325
0.47352,0.4545505,0.4411125,0.4190635,0.435584,0.4393975,0.421833,0.4795845,0.4192845,0.49624,0.439279,0.4303625,0.4478325,0.4333645,0.4514345,0.465558,0.437614,0.428714,0.4074905,0.4869725,0.4120885,0.4617295,0.4171335,0.445645,0.431116,0.4135345,0.4559095,0.462928,0.4375295,0.430744,0.445523,0.435887,0.390481,0.39428,0.4148815,0.4153985,0.4628835,0.4230605,0.4308965,0.484811,0.4069145,0.4415215,0.4286315,0.4525805,0.4301675,0.4256345,0.4467485,0.4394765,0.417857,0.460374,0.4323985,0.4459425,0.4419715,0.429985,0.444562,0.4409,0.4308185,0.4281945,0.429082,0.4403205,0.4627395,0.441487,0.4468025,0.4589215,0.475785,0.4472405,0.431723,0.4302245,0.4276895,0.435639,0.437585,0.4402015,0.4584015,0.429053,0.4528725,0.416095,0.3956545,0.45615,0.4249135,0.4513745,0.453869,0.444303,0.435434,0.4333535,0.4065055,0.419346,0.42629,0.465006,0.463452,0.4816275,0.4066935,0.42733,0.4192945,0.439689,0.469625,0.422273,0.4360895,0.403676,0.430748,0.4200925
0.472064,0.45656,0.4428395,0.4351455,0.4434695,0.4411305,0.4237105,0.4723905,0.428369,0.4844395,0.453961,0.403797,0.4419135,0.4401255,0.434894,0.481159,0.436448,0.4322855,0.41211,0.4848765,0.4139855,0.4609435,0.4164985,0.445399,0.4207485,0.4164075,0.4519745,0.4681455,0.424767,0.436301,0.4707915,0.442699,0.39541,0.3987385,0.402743,0.4223315,0.434312,0.4124155,0.4331075,0.4806965,0.4297325,0.453332,0.4163345,0.45675,0.420146,0.425309,0.4599545,0.447879,0.4296935,0.44924,0.444185,0.44894,0.409265,0.448582,0.429615,0.4363385,0.439501,0.418769,0.4471765,0.425275,0.45992,0.4488925,0.453846,0.456698,0.4476385,0.4318225,0.422648,0.434534,0.408353,0.439121,0.4156185,0.4554715,0.4451525,0.437931,0.4375125,0.4359685,0.383576,0.450871,0.4305175,0.450269,0.424312,0.445217,0.4542595,0.4264945,0.40297,0.4316785,0.42964,0.4963155,0.4585415,0.4912875,0.412012,0.42447,0.409832,0.439797,0.4877865,0.4268175,0.4336725,0.4069095,0.428753,0.4338375
0.4698055,0.436604,0.431393,0.435492,0.4329755,0.447345,0.438856,0.471845,0.432712,0.486519,0.439441,0.4100405,0.43613,0.4356135,0.4535015,0.4663265,0.4346475,0.4246665,0.4105515,0.4978075,0.40911,0.466014,0.429936,0.4536275,0.4338855,0.411288,0.445753,0.4615695,0.448183,0.415176,0.4399425,0.4369635,0.392552,0.4113885,0.414907,0.436259,0.4492805,0.4274455,0.432372,0.479165,0.4163085,0.4466535,0.4146405,0.45905,0.4222435,0.427468,0.4341085,0.442926,0.4305735,0.466776,0.4429735,0.4512425,0.4312805,0.4595285,0.4363485,0.436,0.425482,0.4189805,0.440791,0.4196345,0.4563425,0.4205285,0.476081,0.45336,0.4558025,0.4273575,0.4388055,0.441877,0.421453,0.430466,0.421765,0.4620865,0.4611845,0.4453645,0.457293,0.450596,0.3732035,0.438073,0.4360385,0.4517215,0.4360385,0.425039,0.446494,0.45836,0.4159335,0.420403,0.430959,0.4855185,0.454561,0.472944,0.4247295,0.4244625,0.4185985,0.430647,0.4919205,0.4361135,0.428926,0.405699,0.4233095,0.4353115
0.468734,0.457511,0.4206995,0.435352,0.4515765,0.444938,0.4199365,0.46623,0.4194655,0.4815705,0.455928,0.413083,0.4307865,0.423711,0.4575365,0.463616,0.423162,0.433343,0.4154225,0.4768425,0.418129,0.471322,0.421876,0.4600635,0.4338465,0.414549,0.451467,0.455837,0.4490565,0.414585,0.439536,0.4425475,0.387145,0.4043655,0.408663,0.437881,0.4629235,0.406636,0.449812,0.4759245,0.3974015,0.454458,0.4181615,0.4474835,0.416009,0.430419,0.4378325,0.4445865,0.4378215,0.44486,0.4464685,0.4474255,0.424395,0.4599225,0.4485925,0.4500995,0.4352375,0.4195345,0.4395815,0.4328055,0.453229,0.417354,0.4601425,0.478933,0.44834,0.424384,0.424155,0.4319415,0.4230575,0.455138,0.436778,0.450411,0.455687,0.43443,0.4503785,0.442567,0.3851925,0.4406345,0.43485,0.449925,0.436468,0.448539,0.455243,0.4443845,0.4244925,0.410704,0.441632,0.4824425,0.448871,0.4701485,0.4186885,0.4003785,0.425662,0.4278495,0.510627,0.432714,0.4499755,0.4249715,0.4190725,0.4516365
0.4613075,0.4508555,0.425731,0.4231055,0.4419125,0.4472685,0.440546,0.4745495,0.4214705,0.5046325,0.434161,0.415331,0.438869,0.42863,0.4465945,0.4615925,0.436698,0.439056,0.4276,0.5003335,0.4270135,0.4574145,0.4255775,0.463866,0.429784,0.4244165,0.4590645,0.4658935,0.455605,0.430261,0.440638,0.4397675,0.3938685,0.4045285,0.422318,0.4436265,0.461332,0.414238,0.4380405,0.4698645,0.4007825,0.4524175,0.409007,0.45479,0.4343385,0.427259,0.4271625,0.452641,0.4488185,0.451214,0.4465235,0.445683,0.4360835,0.455259,0.4413455,0.4517085,0.456916,0.4169505,0.4361745,0.423688,0.457447,0.435329,0.4514255,0.461424,0.451857,0.4208305,0.4303875,0.4204695,0.44391,0.43463,0.4283365,0.4446,0.4411205,0.438141,0.452909,0.445022,0.394,0.450852,0.4423005,0.459037,0.4493065,0.423637,0.439319,0.4361285,0.4217045,0.4094495,0.4336755,0.4973785,0.4604505,0.476265,0.431485,0.434535,0.414048,0.430296,0.4919685,0.4264545,0.4337285,0.415105,0.4215355,0.4314845
0.459516,0.442673,0.416751,0.4376035,0.443699,0.449117,0.4340185,0.4511065,0.4308305,0.490736,0.43867,0.416111,0.436415,0.4319445,0.448232,0.462002,0.4261865,0.4561,0.4191755,0.4986115,0.4088665,0.4624325,0.4320585,0.4502955,0.4204435,0.4188915,0.457656,0.4515165,0.4497165,0.4110305,0.430675,0.431569,0.394128,0.401984,0.4168835,0.453708,0.4445885,0.4216915,0.4241855,0.4881545,0.405022,0.448217,0.41303,0.4515005,0.4240055,0.429004,0.4370095,0.440799,0.4496625,0.4426465,0.426611,0.436666,0.4328985,0.456525,0.44156,0.4451865,0.4525875,0.4270325,0.4414175,0.4179985,0.431472,0.4219185,0.452417,0.466403,0.4575595,0.4380375,0.4344175,0.423919,0.436499,0.457697,0.443898,0.4616935,0.4648775,0.42075,0.4562535,0.451238,0.3949145,0.44069,0.4494985,0.4533055,0.4499965,0.435835,0.456888,0.442001,0.4206865,0.4362815,0.4311115,0.4931695,0.4533505,0.4705305,0.4276705,0.4148255,0.415457,0.432497,0.474722,0.45908,0.4456935,0.4253685,0.426397,0.4218025
0.461106,0.453798,0.413681,0.4156875,0.438235,0.452254,0.4542815,0.4530835,0.429864,0.4998015,0.4615675,0.414015,0.434923,0.4282085,0.440438,0.4771655,0.415262,0.4525995,0.420412,0.4918125,0.4252025,0.456622,0.428108,0.4671685,0.4387465,0.4161195,0.4576315,0.454469,0.438528,0.426097,0.449478,0.432718,0.3973655,0.402425,0.430573,0.4397505,0.4576165,0.412866,0.438535,0.4738385,0.402802,0.443746,0.4075465,0.4474035,0.4457115,0.436429,0.426243,0.440009,0.432354,0.44153,0.4289565,0.444408,0.4283205,0.45553,0.4541965,0.429356,0.442543,0.412331,0.434037,0.4214175,0.462302,0.436434,0.4298535,0.4621905,0.455569,0.435012,0.4375935,0.42499,0.43199,0.445051,0.419086,0.4459725,0.4407915,0.4451945,0.452784,0.4424685,0.3930545,0.450864,0.4422125,0.4568885,0.4541955,0.427179,0.4577625,0.442826,0.423512,0.4344275,0.4133285,0.504427,0.4802205,0.48899,0.434455,0.428505,0.423847,0.4355325,0.4720895,0.4611225,0.4469555,0.430976,0.4294085,0.4288155
0.4649885,0.452936,0.4314995,0.4341645,0.4370195,0.467454,0.433906,0.450941,0.417068,0.5045695,0.4515045,0.4084095,0.4470655,0.4338035,0.4542325,0.473188,0.4242005,0.44821,0.426954,0.4875315,0.405905,0.453845,0.423403,0.4399325,0.4118125,0.417207,0.451224,0.448682,0.456095,0.4329245,0.4451625,0.4381695,0.4081125,0.397772,0.421361,0.4517255,0.458899,0.4264415,0.4342475,0.4732755,0.4092465,0.4357055,0.418282,0.448408,0.4466535,0.4358745,0.4379275,0.44324,0.432307,0.4370885,0.43772,0.425438,0.438765,0.443638,0.436088,0.4414455,0.443341,0.422568,0.4463545,0.425319,0.4364975,0.450519,0.4614485,0.4508945,0.439595,0.4280135,0.4279535,0.4204255,0.429417,0.4555625,0.432391,0.467505,0.446275,0.444872,0.428704,0.4420775,0.373413,0.4290575,0.450507,0.459437,0.444557,0.4207175,0.460542,0.438212,0.426341,0.4369545,0.4091615,0.4919935,0.4657785,0.473532,0.4445305,0.42842,0.4149095,0.4547005,0.479004,0.4527675,0.432426,0.416769,0.4282305,0.4300145
0.4727225,0.4522955,0.4379155,0.4214255,0.45085,0.453598,0.4298195,0.4552105,0.4378565,0.475913,0.434531,0.411193,0.441803,0.4388905,0.4683035,0.4678805,0.435233,0.450189,0.429972,0.484768,0.4136345,0.452381,0.415901,0.459462,0.4429475,0.422624,0.4610705,0.44993,0.462385,0.4278985,0.4557975,0.415267,0.3960555,0.412225,0.4217675,0.435933,0.471406,0.4361185,0.432544,0.4663275,0.4186655,0.4462035,0.41185,0.4450545,0.442622,0.4475435,0.433362,0.457276,0.426489,0.452936,0.4498735,0.4283785,0.4405575,0.452525,0.4449135,0.44559,0.4398555,0.4191235,0.4497265,0.429158,0.436118,0.452843,0.4516675,0.446385,0.447872,0.4132455,0.4381905,0.423437,0.4234235,0.4438615,0.4309535,0.434666,0.4710325,0.4299385,0.4525135,0.445103,0.391994,0.450057,0.4481645,0.455863,0.4632195,0.4343835,0.475602,0.436088,0.4297355,0.4382405,0.421105,0.4935735,0.4644835,0.490085,0.434091,0.4368715,0.4219185,0.4472575,0.4695,0.462602,0.4470715,0.40641,0.4389175,0.435238
0.4470685,0.4587575,0.4308765,0.4231435,0.44789,0.4653105,0.4445005,0.4486625,0.4256755,0.513718,0.4505565,0.4295715,0.433431,0.4224005,0.456534,0.461237,0.4166665,0.4583815,0.4331185,0.454257,0.407563,0.467544,0.4239395,0.4525345,0.4197215,0.414946,0.453159,0.461239,0.4510155,0.4242665,0.4790525,0.42544,0.3835445,0.409171,0.4125605,0.439347,0.475914,0.4445275,0.425919,0.4935175,0.4133695,0.4352915,0.398279,0.4242525,0.437481,0.42616,0.4534385,0.4460135,0.4608005,0.459402,0.464596,0.4186755,0.439991,0.450084,0.443325,0.4462945,0.422204,0.439068,0.456353,0.444333,0.4369275,0.452822,0.471628,0.4482225,0.4524915,0.4139045,0.423342,0.4370055,0.4366875,0.4370575,0.4125005,0.4550305,0.4520035,0.428497,0.448829,0.431019,0.3772335,0.4558775,0.4408505,0.4546295,0.4592245,0.434875,0.4546925,0.4205745,0.403052,0.437824,0.4179595,0.5287655,0.461221,0.493892,0.436665,0.426831,0.434189,0.4500245,0.4751345,0.47286,0.4657015,0.4068035,0.4277485,0.4413415
0.4693615,0.4508935,0.4216855,0.424766,0.445249,0.4607925,0.422024,0.4523,0.426364,0.4771085,0.4383865,0.4199005,0.4241005,0.4210435,0.4527815,0.482837,0.4274085,0.454557,0.4082205,0.474172,0.4034845,0.448963,0.4310195,0.4290485,0.430569,0.4068595,0.452058,0.457617,0.4507895,0.412237,0.4753245,0.4101465,0.3930115,0.3901835,0.400568,0.450868,0.466846,0.417548,0.414397,0.4862545,0.438558,0.4540275,0.4082425,0.4521755,0.4313005,0.415559,0.4514285,0.455544,0.446449,0.460271,0.463833,0.424843,0.4408175,0.431051,0.4570015,0.437658,0.434374,0.4276225,0.4418055,0.393456,0.44723,0.4343085,0.4758465,0.441469,0.45332,0.409218,0.412575,0.422974,0.4043875,0.475411,0.405765,0.4567225,0.4697715,0.445528,0.425552,0.4274785,0.3765285,0.43909,0.419435,0.4395285,0.453194,0.413594,0.455685,0.432637,0.405583,0.4165395,0.4137825,0.5223495,0.446013,0.4896545,0.429601,0.4107845,0.4206705,0.420216,0.48729,0.448095,0.4423645,0.3866825,0.4212985,0.428563
0.4716205,0.4591345,0.428248,0.442243,0.451172,0.4435885,0.441003,0.4623085,0.4198455,0.4993355,0.4126795,0.426041,0.426557,0.419093,0.451933,0.475632,0.4192745,0.436483,0.3936,0.45632,0.40919,0.4392765,0.4364175,0.4311425,0.426929,0.4229085,0.447317,0.434506,0.464014,0.4118025,0.4658925,0.425225,0.393367,0.3897425,0.387271,0.435924,0.448598,0.426809,0.416297,0.487328,0.4205205,0.4556875,0.429433,0.455512,0.440916,0.4132805,0.4433745,0.4555685,0.4323295,0.463344,0.4386275,0.4336485,0.455886,0.42751,0.446194,0.4317615,0.424368,0.423327,0.4427315,0.4178315,0.454292,0.456515,0.4581645,0.4420315,0.463453,0.418537,0.4205,0.4386755,0.417918,0.478242,0.427296,0.4474695,0.469025,0.4205585,0.438631,0.4404085,0.3797,0.453156,0.442752,0.43374,0.450396,0.440459,0.468222,0.4322965,0.4027145,0.4301425,0.418091,0.484938,0.43725,0.4879305,0.4044975,0.406013,0.4249655,0.4242895,0.473655,0.4422145,0.439303,0.40101,0.4273975,0.429983
0.475473,0.451621,0.4190515,0.4364665,0.4551785,0.4559065,0.4420635,0.4726205,0.4105685,0.489344,0.4431255,0.4369625,0.4382855,0.407567,0.4467085,0.4767615,0.422074,0.4360275,0.405086,0.4755605,0.403881,0.4461435,0.4278525,0.448068,0.4429595,0.421826,0.4498385,0.4454865,0.4610685,0.4290085,0.461877,0.4405225,0.409966,0.39601,0.4119045,0.4266575,0.444551,0.424796,0.4179915,0.4680425,0.41964,0.4534755,0.4317145,0.457374,0.4432625,0.41961,0.4327925,0.4416465,0.4504335,0.461786,0.4485705,0.4487745,0.4397945,0.4401345,0.4509975,0.4408365,0.429931,0.4510065,0.4462995,0.4283735,0.4607015,0.4525975,0.4468585,0.4443315,0.454536,0.4101295,0.44152,0.4539345,0.434227,0.463467,0.428308,0.4499835,0.466041,0.44486,0.4375525,0.4376685,0.3777205,0.459317,0.414735,0.455136,0.45732,0.407533,0.473026,0.4347955,0.4285635,0.4290675,0.421025,0.490529,0.4547035,0.472272,0.42678,0.41277,0.429899,0.4457225,0.47709,0.4543195,0.4405725,0.401361,0.433087,0.4517215
0.4765935,0.453787,0.4168855,0.4402465,0.4483895,0.452874,0.4238345,0.47433,0.400855,0.4814495,0.43467,0.443612,0.4345955,0.4267705,0.433553,0.4671425,0.4293325,0.447295,0.407634,0.4891825,0.4218005,0.448426,0.4386585,0.464465,0.4253735,0.444748,0.448992,0.457578,0.4684795,0.449684,0.447155,0.437383,0.4066655,0.39262,0.416512,0.4559365,0.4475175,0.4341725,0.4256665,0.4770555,0.430328,0.4537545,0.4182595,0.443667,0.4497565,0.4117405,0.458046,0.4352335,0.455797,0.4517715,0.4574095,0.431788,0.436316,0.441588,0.4537965,0.4422875,0.4374655,0.4285385,0.4374245,0.436173,0.461777,0.4473615,0.4329905,0.445872,0.461374,0.4233165,0.432892,0.444201,0.4276005,0.457,0.4319175,0.430024,0.4680495,0.432322,0.439068,0.4408635,0.397135,0.448412,0.4209915,0.449978,0.457464,0.4268775,0.4663255,0.4394125,0.407308,0.423168,0.4333795,0.4849415,0.443056,0.489704,0.420485,0.425652,0.424587,0.459024,0.4880805,0.426762,0.4337355,0.413741,0.4184725,0.4349895
0.473589,0.475949,0.4404285,0.43669,0.4440595,0.4434015,0.430199,0.473338,0.433269,0.4930245,0.436075,0.415567,0.418679,0.4320295,0.4600235,0.4850755,0.4227045,0.4403925,0.4017905,0.4919165,0.4401695,0.4456645,0.4464985,0.454217,0.439708,0.4338905,0.45891,0.462841,0.461604,0.4251635,0.461581,0.4425115,0.4017215,0.4039085,0.421938,0.452158,0.4590145,0.4393095,0.435234,0.465577,0.429219,0.4460225,0.4066985,0.430255,0.4272465,0.41552,0.445682,0.4484425,0.4628665,0.4583105,0.434904,0.465215,0.4467415,0.443002,0.4489105,0.42139,0.438339,0.4332045,0.450164,0.424265,0.4507515,0.440722,0.4267815,0.4297345,0.4584065,0.427251,0.451473,0.4491435,0.422486,0.4662915,0.4427425,0.4567845,0.4844845,0.4418695,0.4461845,0.436454,0.3948775,0.460977,0.430032,0.4442095,0.4568165,0.4121775,0.462512,0.432357,0.421707,0.4455325,0.435684,0.499102,0.45599,0.493265,0.424152,0.412536,0.4248235,0.446489,0.4897755,0.429946,0.426938,0.4062815,0.414165,0.4350035
0.464067,0.4528705,0.4259975,0.438208,0.442721,0.4530255,0.4324835,0.4749545,0.43518,0.510338,0.449683,0.4255925,0.423338,0.432117,0.4509765,0.467547,0.4215785,0.4212015,0.401416,0.484205,0.443854,0.4624395,0.420642,0.468321,0.431821,0.4206205,0.4409145,0.4730865,0.4782355,0.407634,0.4399035,0.4332315,0.395508,0.4072185,0.405482,0.4251625,0.4492005,0.4274425,0.419724,0.466812,0.4276435,0.4449335,0.4177145,0.4598355,0.4370495,0.427201,0.4599575,0.4572165,0.444069,0.4674665,0.4296595,0.445276,0.447443,0.4447045,0.4469265,0.4366705,0.4396615,0.4215485,0.447898,0.4237165,0.4530395,0.427382,0.4327725,0.4474095,0.464362,0.4434195,0.435589,0.429457,0.422059,0.46531,0.4410685,0.462143,0.463876,0.4452585,0.444304,0.4530135,0.403068,0.468411,0.4175315,0.4581905,0.435271,0.4138175,0.468319,0.4246525,0.4296815,0.4128725,0.419304,0.488366,0.461541,0.495074,0.413118,0.4095395,0.4265995,0.4448995,0.4883505,0.428106,0.4379035,0.4166425,0.417096,0.423768
0.4799505,0.4440885,0.430079,0.436998,0.439212,0.4509515,0.4346395,0.457759,0.437925,0.51438,0.44702,0.4186635,0.435172,0.4304215,0.4526085,0.4786855,0.433208,0.421384,0.40755,0.4878445,0.4329775,0.454564,0.426979,0.460728,0.441899,0.4374475,0.440526,0.4511745,0.446886,0.41331,0.4648225,0.4551675,0.4008315,0.39729,0.4083,0.433675,0.4507295,0.413128,0.429304,0.468905,0.4188085,0.4476455,0.4137455,0.4500165,0.447318,0.429695,0.4469965,0.434488,0.4269945,0.4599875,0.4411145,0.4569685,0.440788,0.452609,0.4532165,0.4361935,0.44074,0.436136,0.448701,0.4278415,0.475775,0.440249,0.4366075,0.441081,0.473823,0.432171,0.4421205,0.4353355,0.424053,0.457916,0.4360645,0.474362,0.445596,0.4487365,0.440771,0.4376305,0.396593,0.4499,0.411638,0.4441675,0.4579325,0.4313415,0.460955,0.41282,0.4265585,0.433892,0.441316,0.4910275,0.443907,0.4812585,0.421869,0.4273,0.4216275,0.443313,0.5027595,0.428578,0.4368225,0.4262365,0.4131075,0.418183
0.470556,0.4562505,0.438087,0.4371395,0.461055,0.452809,0.4390145,0.4621425,0.4313975,0.4980055,0.447592,0.422194,0.4166815,0.426848,0.460823,0.474097,0.434364,0.4516115,0.427259,0.4830975,0.433084,0.445149,0.4177565,0.4683375,0.4217465,0.440502,0.4532355,0.4528195,0.464328,0.409337,0.4592185,0.44148,0.389584,0.412043,0.4175575,0.425414,0.4483195,0.4170455,0.4376315,0.4565995,0.4175295,0.4530305,0.423119,0.4423855,0.4232135,0.4261305,0.436841,0.436181,0.4263245,0.4491375,0.4393015,0.4619625,0.4458275,0.454117,0.4362835,0.430223,0.424239,0.4233025,0.455326,0.4134965,0.4625825,0.454262,0.44291,0.4368915,0.4820135,0.4200165,0.4411045,0.445297,0.41655,0.4602065,0.4368745,0.468697,0.452008,0.4419995,0.4425215,0.4423485,0.389004,0.458835,0.4250185,0.453047,0.433814,0.422031,0.452219,0.41552,0.4153575,0.4117515,0.4266345,0.482353,0.455798,0.4887195,0.4138935,0.417232,0.405864,0.4284965,0.520248,0.434374,0.444339,0.420636,0.4188135,0.4182835
0.470921,0.4524265,0.430602,0.4454575,0.454962,0.4439095,0.438968,0.470512,0.4214145,0.4885435,0.4445325,0.4134305,0.4146525,0.442051,0.458827,0.47322,0.426928,0.4425965,0.415197,0.471063,0.4100675,0.4570375,0.4216035,0.468495,0.424434,0.421232,0.433139,0.459785,0.4591385,0.4239185,0.457376,0.453343,0.387652,0.4051755,0.4290235,0.4539235,0.4372435,0.4082815,0.432027,0.481533,0.4123125,0.445863,0.41567,0.4505535,0.438199,0.426331,0.4510925,0.4510315,0.4328025,0.453565,0.427481,0.4544765,0.4409225,0.4448445,0.4549735,0.434908,0.43165,0.426061,0.463866,0.432927,0.4432875,0.448474,0.428543,0.4543835,0.458057,0.4183405,0.4298315,0.4341135,0.4339965,0.4743695,0.43507,0.466146,0.4661165,0.4444915,0.43263,0.4603385,0.4000785,0.4464955,0.4170555,0.4570765,0.423787,0.4181295,0.457403,0.445317,0.410638,0.3998885,0.4236535,0.480054,0.4626845,0.4763865,0.4221365,0.415531,0.421185,0.436689,0.496495,0.439472,0.4447525,0.421469,0.4153215,0.4157335
0.473442,0.454705,0.4380835,0.4389205,0.4510935,0.435796,0.432133,0.4600085,0.432259,0.4912205,0.44734,0.4128015,0.439459,0.4484445,0.451115,0.4758635,0.4323295,0.448243,0.414916,0.468094,0.400599,0.4750955,0.41767,0.466284,0.4367225,0.42643,0.442321,0.463738,0.449394,0.440944,0.445201,0.441928,0.3946155,0.4072825,0.4083075,0.4386215,0.45328,0.4200865,0.42942,0.4782305,0.4122015,0.4358705,0.417665,0.42954,0.414281,0.4341935,0.430777,0.4594835,0.4356195,0.4502825,0.436353,0.4554005,0.4455335,0.4438435,0.45023,0.425318,0.431711,0.424197,0.4580625,0.4270945,0.427854,0.45139,0.422829,0.4583045,0.457414,0.4155875,0.4453795,0.4532295,0.4370265,0.467641,0.446555,0.4505825,0.4505385,0.4522255,0.449979,0.4593345,0.3787715,0.453322,0.430662,0.446371,0.4341975,0.435802,0.457371,0.4356135,0.4103055,0.42801,0.4392365,0.4793065,0.484008,0.497685,0.412831,0.4228475,0.4276385,0.440171,0.4894135,0.4661945,0.450203,0.4253905,0.4288215,0.4198875
0.467399,0.465999,0.4103615,0.431654,0.4627745,0.4439465,0.452345,0.475555,0.4208145,0.491903,0.4560225,0.400265,0.4407375,0.443077,0.457364,0.4589015,0.448071,0.4237495,0.428502,0.4711505,0.418259,0.443517,0.433983,0.469149,0.441958,0.415061,0.4332405,0.455353,0.4552675,0.437739,0.462191,0.4382265,0.3910945,0.4021905,0.408365,0.4335305,0.452713,0.4160995,0.4347905,0.471742,0.410355,0.4255745,0.4252495,0.442669,0.416516,0.4475585,0.427482,0.4327155,0.4314245,0.4495605,0.4444425,0.4373815,0.4297625,0.434232,0.452579,0.4362505,0.4369055,0.4184405,0.4568555,0.444047,0.4406945,0.447311,0.4713315,0.454482,0.453458,0.4196615,0.4385985,0.4376015,0.4408905,0.4557135,0.4328005,0.443721,0.4435355,0.444171,0.425572,0.4624465,0.3884095,0.4421715,0.4301885,0.443367,0.426369,0.438197,0.465619,0.4418745,0.411423,0.433626,0.443776,0.483898,0.465688,0.487279,0.400577,0.4300375,0.4169285,0.433063,0.4802995,0.4372685,0.454614,0.4073465,0.426283,0.401927
0.461798,0.479229,0.42293,0.425558,0.4549255,0.4240935,0.4446445,0.4583935,0.4449665,0.49305,0.4414905,0.407887,0.4481585,0.4436615,0.436373,0.462436,0.436721,0.4388875,0.408226,0.4718045,0.3977585,0.463721,0.416128,0.4542345,0.429966,0.40157,0.434706,0.457531,0.444346,0.4309895,0.439392,0.4387205,0.4040255,0.39206,0.4079265,0.4165035,0.4607295,0.4092445,0.401827,0.462283,0.4157575,0.4390935,0.4226875,0.431835,0.4112265,0.433413,0.42623,0.469567,0.436613,0.453047,0.447373,0.4288015,0.4238795,0.426205,0.4492845,0.4223835,0.4396455,0.4208345,0.430909,0.4331505,0.4412275,0.4419345,0.4441475,0.452249,0.4572375,0.4166425,0.437784,0.4465485,0.422992,0.454948,0.4363455,0.4427455,0.4687615,0.4476465,0.440027,0.457851,0.386422,0.44331,0.42708,0.4645265,0.437352,0.430063,0.456713,0.4533925,0.4017215,0.428792,0.4402505,0.4634845,0.4571975,0.4651515,0.41531,0.4302545,0.4125025,0.441533,0.459804,0.45839,0.4468755,0.408925,0.417684,0.423612
0.4433225,0.45627,0.420983,0.4311245,0.4374505,0.426791,0.4400575,0.453012,0.434561,0.4903335,0.4576155,0.4250075,0.4432195,0.436021,0.4491,0.460667,0.4421165,0.4194535,0.4074835,0.4791665,0.402118,0.439111,0.4091925,0.464338,0.438812,0.4010335,0.4381785,0.457616,0.4537695,0.4235865,0.4408895,0.427955,0.401023,0.3964045,0.421596,0.4244135,0.4624105,0.4088585,0.4151505,0.4649155,0.4103065,0.4304215,0.425978,0.4358195,0.4241935,0.4384045,0.4208325,0.4380335,0.427976,0.446277,0.434813,0.419024,0.422185,0.434331,0.4479395,0.410727,0.424458,0.423017,0.422303,0.420058,0.431792,0.446006,0.4474935,0.4337525,0.459751,0.4132235,0.4303165,0.4401835,0.4298115,0.439889,0.436841,0.4508185,0.4764635,0.430949,0.4325555,0.4446445,0.373292,0.44524,0.436309,0.4655105,0.4366635,0.4457925,0.4699695,0.4233195,0.4175305,0.4322765,0.424492,0.473704,0.4495275,0.476647,0.406733,0.417249,0.415101,0.430307,0.47977,0.4374875,0.4302595,0.418141,0.434387,0.443052
0.442136,0.4663635,0.4420775,0.4151855,0.45512,0.441734,0.436476,0.4754805,0.437009,0.479455,0.447173,0.4193165,0.4391075,0.449163,0.4355005,0.472784,0.4300865,0.4166135,0.4157935,0.478314,0.4207445,0.449827,0.41564,0.443368,0.430294,0.4043665,0.422416,0.4579395,0.4519395,0.433792,0.443088,0.4362945,0.392575,0.394225,0.4256615,0.4230275,0.455075,0.421099,0.4255705,0.466834,0.4168015,0.4386395,0.4350735,0.440785,0.424764,0.439199,0.4296545,0.4556195,0.4310095,0.4399825,0.4302425,0.441925,0.4483795,0.4407145,0.451289,0.429321,0.4282585,0.4304745,0.4322065,0.432662,0.419457,0.461592,0.452652,0.4324085,0.456575,0.419384,0.4257555,0.4363785,0.4368725,0.45413,0.443606,0.457859,0.468765,0.4244645,0.436031,0.4249695,0.3829245,0.452223,0.421913,0.460743,0.443019,0.42633,0.474477,0.4323255,0.414715,0.43074,0.409411,0.4766295,0.4524285,0.4612755,0.433348,0.431538,0.4097645,0.432578,0.474308,0.4514285,0.4313385,0.420739,0.4337215,0.4532205
0.4427255,0.459462,0.4311475,0.4208415,0.4475075,0.4388785,0.4255585,0.462302,0.441049,0.49002,0.448487,0.4175215,0.4481655,0.436534,0.435854,0.472512,0.4253375,0.425736,0.4074435,0.481643,0.421199,0.4579575,0.414248,0.450781,0.4282635,0.399429,0.4242355,0.4652155,0.4514875,0.4317755,0.454186,0.432572,0.3957285,0.3848715,0.424972,0.4324465,0.452837,0.4210885,0.427518,0.4677455,0.426955,0.4502685,0.413127,0.446321,0.4179005,0.4309205,0.43083,0.449239,0.446023,0.460545,0.443581,0.4301725,0.4413075,0.433193,0.4521505,0.4671565,0.4365875,0.448891,0.423698,0.4193585,0.4368015,0.449602,0.439913,0.426525,0.462022,0.4061045,0.4296705,0.439875,0.432122,0.45539,0.4407895,0.4582165,0.4668105,0.437025,0.4423195,0.4362935,0.394015,0.455058,0.421722,0.4454945,0.435383,0.4403375,0.463657,0.435676,0.424562,0.4277145,0.4238145,0.474656,0.4213275,0.4682225,0.4273195,0.422594,0.4161895,0.4280295,0.464748,0.4340935,0.431602,0.4082965,0.4085565,0.4548885
0.4563875,0.474459,0.4497755,0.431703,0.445718,0.4565775,0.426204,0.4572905,0.435195,0.4749355,0.456322,0.4125015,0.4481295,0.43895,0.4437335,0.479973,0.4328385,0.4320505,0.429832,0.4700575,0.426745,0.4478725,0.4323625,0.449224,0.408253,0.404228,0.437805,0.4543345,0.4615125,0.438619,0.450367,0.4307785,0.3933855,0.395591,0.4355485,0.4363175,0.4480535,0.4290355,0.4210625,0.479361,0.429325,0.45487,0.433506,0.4593935,0.4354855,0.4314605,0.430028,0.438621,0.4391755,0.4459045,0.4426035,0.4326615,0.439136,0.4337555,0.4428185,0.46299,0.432127,0.4563335,0.4431485,0.417453,0.4437945,0.4630965,0.4418315,0.430494,0.4623805,0.427371,0.437151,0.428213,0.4189195,0.4779515,0.4361405,0.463061,0.4613775,0.4314705,0.4267515,0.427627,0.371729,0.464566,0.4428135,0.456834,0.451379,0.444369,0.4617905,0.4436895,0.4130405,0.427814,0.4258755,0.4785165,0.455515,0.469828,0.42757,0.423319,0.40994,0.4385495,0.4804005,0.4401035,0.438299,0.4203965,0.4281795,0.455225
0.4581565,0.4684535,0.4383885,0.4287575,0.4379545,0.4475855,0.4250265,0.4593005,0.419922,0.4699735,0.444768,0.427632,0.427759,0.4529285,0.451185,0.4652485,0.4308755,0.422802,0.423674,0.4781465,0.4103605,0.4402205,0.4195945,0.44218,0.4259245,0.4152185,0.4534155,0.4584945,0.463245,0.4245395,0.451267,0.4304675,0.390653,0.4012855,0.402704,0.449533,0.45572,0.4438495,0.4400965,0.478541,0.417772,0.474858,0.4334905,0.452575,0.440636,0.4379635,0.43542,0.4446505,0.4389765,0.4526165,0.42659,0.4464975,0.441064,0.450812,0.444287,0.438723,0.4264835,0.440024,0.4289755,0.4256865,0.4440045,0.4511935,0.446234,0.43057,0.459464,0.4385585,0.418629,0.439156,0.4235035,0.4640845,0.4300935,0.4465155,0.4568275,0.4580295,0.4410045,0.4229345,0.395747,0.4640155,0.4394875,0.432082,0.443837,0.4296995,0.462471,0.4308685,0.422731,0.423693,0.4187445,0.5043065,0.4452855,0.4745085,0.430855,0.425758,0.4165825,0.4324525,0.4894565,0.4495815,0.446082,0.411467,0.4330615,0.4498005
0.4811395,0.4488695,0.4253435,0.426467,0.4320185,0.443023,0.4387755,0.4584595,0.4172105,0.497841,0.457444,0.4166185,0.4295965,0.435177,0.4441385,0.4580935,0.436231,0.4420685,0.4343745,0.489006,0.4032445,0.45292,0.4161575,0.451773,0.4160915,0.4036955,0.445349,0.448268,0.4541265,0.418898,0.438768,0.4290285,0.3862505,0.3963635,0.4163225,0.4380595,0.4515525,0.4426215,0.4262835,0.479923,0.4132595,0.4586675,0.4210865,0.443681,0.447202,0.4278675,0.4314385,0.432531,0.43046,0.451181,0.443884,0.452712,0.432423,0.4498075,0.4439835,0.429816,0.442246,0.4181985,0.4318365,0.4243605,0.470974,0.4294,0.44238,0.4306125,0.458922,0.4191915,0.4321755,0.428448,0.4218815,0.455362,0.426017,0.4598285,0.4585945,0.4467185,0.443983,0.4409645,0.386673,0.452624,0.4446585,0.453587,0.4292515,0.425989,0.4494365,0.422289,0.4120175,0.426925,0.431244,0.4954255,0.450073,0.4746305,0.4151495,0.416901,0.4242655,0.4380395,0.485132,0.4438775,0.4573675,0.4263565,0.425242,0.4521125
0.485707,0.4364105,0.4190345,0.439148,0.451736,0.4374505,0.448583,0.4579365,0.424512,0.4946235,0.430893,0.4121235,0.4146045,0.416058,0.461713,0.460308,0.403644,0.4559145,0.42589,0.484577,0.410398,0.46715,0.4082055,0.476058,0.432871,0.419494,0.4416065,0.458618,0.4318185,0.408761,0.432743,0.4307235,0.4134205,0.428724,0.4041505,0.416477,0.4541155,0.427205,0.4407345,0.471714,0.4083945,0.421725,0.406616,0.4444065,0.435701,0.430693,0.433378,0.4448275,0.433978,0.4494415,0.4432755,0.442483,0.437596,0.430156,0.4365455,0.4102495,0.456019,0.415647,0.453387,0.4287735,0.466247,0.434564,0.4589515,0.462113,0.4655145,0.4129315,0.4409835,0.4385095,0.4060875,0.459745,0.4368575,0.4533915,0.449144,0.437273,0.44993,0.453944,0.3847285,0.4388835,0.4244725,0.448016,0.4438575,0.4212425,0.4306405,0.432186,0.396709,0.43399,0.448361,0.4863715,0.4725385,0.499556,0.4176925,0.429727,0.437211,0.438439,0.466188,0.4369125,0.4388375,0.406143,0.4309315,0.413589
