"run1","run2","run3","run4","run5","run6","run7","run8","run9","run10","run11","run12","run13","run14","run15","run16","run17","run18","run19","run20","run21","run22","run23","run24","run25","run26","run27","run28","run29","run30","run31","run32","run33","run34","run35","run36","run37","run38","run39","run40","run41","run42","run43","run44","run45","run46","run47","run48","run49","run50","run51","run52","run53","run54","run55","run56","run57","run58","run59","run60","run61","run62","run63","run64","run65","run66","run67","run68","run69","run70","run71","run72","run73","run74","run75","run76","run77","run78","run79","run80","run81","run82","run83","run84","run85","run86","run87","run88","run89","run90","run91","run92","run93","run94","run95","run96","run97","run98","run99","run100","Yr"
59390.47525,58474.68313,58790.70562,57591.41607,59060.86616,56662.96675,58051.44317,58397.81401,58543.88219,58010.41193,56345.47835,55102.37166,57767.37442,58311.36375,55541.63314,57553.9598,57389.18137,59432.29493,57236.40362,57524.67978,57958.93513,57209.03535,57666.5003,59846.89545,58730.10284,56247.35991,58059.77311,58162.94066,56561.72839,57504.33291,57533.29669,58664.38072,57261.67344,57198.26409,57071.74569,56175.79649,56729.33108,58648.56968,57260.38641,56920.73775,58912.82156,57234.72871,57861.8108,59169.18292,56199.72391,55618.28717,56547.63155,58577.70199,58228.93429,58810.55094,58250.42493,56521.01125,56681.29638,57987.75248,58296.24042,58389.66863,57782.59616,57734.61839,58360.4661,59605.52078,56501.3966,58726.37169,57906.77488,57370.86315,55953.09429,59444.16347,56326.7977,55435.9729,56710.11352,56356.25955,58139.48522,55364.22126,57161.88499,58743.65329,58215.49473,58077.5949,59857.32018,59743.97906,58769.96022,55693.26989,57452.75422,58324.30509,58307.34851,59054.13781,57427.60581,58614.17434,55526.09437,59067.94024,58042.64812,57727.82102,59534.20862,57430.22157,58695.79507,56124.54308,55383.95884,58946.59638,57447.80936,56290.4615,56496.53048,57490.74197,1990
58866.0852,57910.5854,57916.03213,56966.20646,58512.46211,56331.7962,57129.65136,57583.23671,57952.53225,57385.0519,55788.03344,54847.5333,57357.44156,57342.47757,54928.5474,56761.37146,56916.0448,58772.42115,56698.19519,57075.17745,57152.58544,56795.55338,56997.38509,58991.99978,58316.84725,55496.78257,57532.58109,57517.86951,56089.15617,56686.56306,56982.65577,57716.87125,56901.63923,56185.71547,56412.78179,55215.9185,56162.55298,57693.67812,56264.7838,56286.04093,58271.61471,56334.75614,57407.29862,58740.48163,55972.06298,55113.15083,55742.86881,58312.33902,57491.59088,58024.36705,57778.59745,55597.72159,56092.48956,57877.47986,57612.56839,57608.67168,57294.01071,57132.31957,57730.32605,58962.2638,55761.9171,58068.53021,57318.85888,56916.31877,55464.06795,58629.41315,55917.85279,55065.3974,56078.56743,55652.01926,57379.24606,55267.56976,56805.70448,58015.63333,57444.2073,57372.92827,59388.17938,59154.3442,57909.38377,55438.06454,56644.67364,57545.00593,57817.87198,58331.16035,56947.48592,57637.48971,55248.0547,58104.07921,57591.8484,57015.36445,59029.13484,56864.25207,58361.58818,55795.61537,55063.43841,58152.85955,56896.78331,55648.98948,56116.71396,56902.40045,1990.5
58324.31547,57233.97154,57264.33759,56593.65847,57896.20847,56007.94226,56215.92653,56756.43304,57426.45739,56824.89957,55221.56541,54734.70027,57133.76778,56455.53381,54478.50721,56119.76549,56599.09813,58228.97135,56182.38981,56593.83685,56297.87787,56346.86193,56437.0822,58267.29625,57646.12047,54990.54998,57101.70648,56831.38233,55742.82387,55745.31096,56357.18089,56695.00232,56586.39927,55263.63011,55871.37126,54455.75022,55623.19002,56693.97068,55344.82688,55666.93042,57709.81769,55410.88506,56924.62991,58359.80232,55568.69959,54744.89948,54911.95909,57990.79521,56838.99507,57215.37938,57185.19609,54640.63758,55593.36232,57629.65196,56870.67814,57119.54581,56935.32205,56719.89986,57134.64904,58173.0178,55210.5869,57252.63726,56788.26914,56648.44413,55011.46482,57758.00764,55655.95599,54794.2457,55491.62764,55117.17943,56603.73671,55038.14793,56610.86398,57386.5937,56601.39256,56701.15698,58810.71344,58404.37133,57156.56146,55233.73667,55843.58216,56910.00164,57226.54436,57559.83632,56423.82374,56581.85117,55185.25849,57262.14043,57159.21902,56190.96183,58535.59235,56244.04758,57936.1299,55483.22039,54689.48918,57419.39226,56253.11375,55103.71709,55774.87875,56302.78386,1991
56894.46027,55968.22293,56143.27352,55621.64382,56577.58322,54895.92514,54704.89702,55405.44911,56293.75471,55537.56348,53972.98231,54080.21458,56085.43616,55134.36476,53549.43668,54891.58876,55759.49232,56936.56828,55137.03125,55385.16492,54890.63057,55149.22505,55204.99802,56849.16486,56200.8176,53804.94746,56043.26433,55482.44819,54703.21448,54146.20736,55100.85935,55174.94986,55599.98172,53911.23724,54623.99612,53108.25697,54445.06371,54998.4094,53965.01048,54398.16175,56541.60029,54007.91068,55585.24048,57236.60298,54611.09488,53594.26352,53389.80414,56801.06952,55773.26755,55909.95377,55818.848,53295.68259,54648.16225,56441.47329,55323.0316,56144.12332,55906.47226,55667.43457,55909.94101,56576.47286,54124.9174,55955.11364,55614.4815,55640.70705,53956.45191,56309.27049,54704.55689,53845.5191,54349.32734,54092.8604,55374.09453,54178.98995,55764.24935,56019.52147,55071.83968,55392.5858,57469.57376,57006.93445,55792.4193,54430.30104,54429.71423,55672.71886,55826.38348,56194.57919,55163.26941,55141.25814,54432.96674,56060.33238,56131.09627,54667.60676,57284.56062,54946.22636,56754.79636,54718.17868,53936.91502,56026.06181,54790.15982,53858.56528,54686.85783,54803.26667,1991.5
55501.30731,54665.34631,55192.75602,54657.95584,55256.30789,53679.75287,53319.5865,54189.8905,55111.96684,54254.73875,52820.25829,53377.50432,54949.48192,54036.43485,52663.753,53675.1648,54749.81416,55630.453,54140.04438,54102.43508,53634.76517,53791.79917,54164.73509,55496.64258,54807.87505,52479.36322,54980.90243,54242.95433,53961.21113,52666.17126,53936.70703,53941.73451,54462.6354,52987.46832,53335.87637,51910.58084,53205.75513,53415.12665,52933.16963,53297.5017,55352.65046,52871.25915,54128.97742,56139.88181,53795.4223,52434.56196,52120.65346,55679.5867,54944.6993,54893.11252,54623.69349,52248.40161,53801.24332,55035.78181,53712.41433,55276.98261,55032.97735,54703.32554,54776.07185,54813.38508,53079.7859,54839.6428,54450.00856,54567.53234,53004.81213,55137.26768,53732.99122,52887.4619,53312.10414,53364.44826,54403.84392,53404.19702,54937.28411,54611.61674,53646.4272,54308.78298,56139.60476,55729.60048,54842.23063,53686.31165,53056.11374,54340.08029,54404.50152,54921.85054,53951.09241,53871.33774,53787.09456,55170.22419,55082.80429,53151.65168,55892.36056,53913.77316,55741.62073,53846.57543,53436.53952,54687.82437,53363.31653,52640.15137,53684.31904,53310.10364,1992
53452.52533,52763.5036,53608.69922,53092.2418,53285.18596,51980.31462,51384.08347,52368.35878,53313.35877,52438.22173,51208.61842,52036.83081,53137.97951,52351.18732,51014.82026,51927.21342,53178.80117,53782.95895,52642.09543,52285.34015,51845.73804,52010.04166,52701.02174,53630.61043,52880.3225,50516.6774,53250.5974,52466.41463,52639.35015,50904.12808,52345.72176,52158.27155,52734.19037,51677.68911,51255.82037,50358.38062,51530.87685,51362.06842,51607.09336,51547.65269,53805.70412,51386.50476,52043.99139,54270.83104,52546.27017,50646.10612,50454.00958,54085.1725,53371.39978,53328.77224,52826.59091,50722.56448,52317.07097,53102.01643,51696.7111,53813.02426,53420.7901,53232.82362,53006.16479,52633.15256,51629.1058,53321.64868,52703.1055,52965.71765,51604.08198,53447.24696,52284.55625,51215.5241,51788.6976,52180.53848,52733.95018,52070.71876,53382.69931,52601.44844,51804.6521,52640.13258,54170.88439,53763.0068,53350.71153,52432.72703,51157.66289,52502.61357,52331.36584,53436.45663,52296.37131,52067.45609,52295.36925,53818.03109,53372.42483,51227.21825,53976.86035,52411.31364,54160.3124,52176.13117,52349.28988,53070.54524,51520.97303,51027.20496,52248.6905,51225.80464,1992.5
51775.71806,50938.25544,52175.31808,51578.31775,51387.26881,50369.20711,49609.27504,50508.45965,51516.49278,50954.71174,49612.09191,50677.93885,51535.84501,50726.70228,49289.63954,50321.41085,51625.98677,51906.97191,51408.86115,50740.48256,50163.05202,50411.88535,51452.41367,52025.71127,51178.74557,48730.88724,51611.8469,50898.74504,51437.1347,49334.22326,50974.38985,50571.00283,51197.86222,50505.56904,49252.5557,48977.29612,50216.14272,49747.14781,50385.95136,49956.69174,52390.31334,50185.11602,50217.8013,52441.23244,51379.39211,48914.12586,48928.16007,52586.14609,51655.71247,51948.40497,51187.87882,49239.71348,50777.56173,51559.31528,50048.23453,52140.51731,51761.88708,52030.33952,51348.89791,50690.50625,50361.54249,52035.41866,51087.18524,51396.14745,50479.46459,51810.52169,50904.20708,49543.4998,50400.8891,51029.7452,51060.53045,50728.20761,51849.52687,50835.19049,50112.96178,50959.28427,52717.17738,52037.67166,52154.3585,51163.60845,49499.02244,50863.52315,50436.98635,52124.62401,50951.68167,50292.93052,50751.23765,52416.19131,51636.09051,49676.54276,52069.49381,50919.14142,52596.12714,50496.01273,51329.33163,51864.0713,50163.92548,49604.94516,51065.55564,49625.42677,1993
49732.82721,48837.59932,50218.47994,49739.43349,49148.01614,48407.82152,47590.14969,48266.7369,49288.63077,49076.47716,47607.67867,49176.50236,49360.67519,48547.29107,47137.20702,48237.3775,49561.36459,49702.45575,49842.58912,48822.54591,48240.22574,48409.41908,49711.66332,49942.89596,48941.03924,46582.93174,49375.60478,48712.05661,49577.13051,47405.781,48899.08405,48594.40173,49049.31463,48836.84485,47096.21643,47107.59877,48407.65998,47814.23636,48781.19989,47967.44498,50447.67057,48442.63782,48121.87136,50153.08604,49561.08081,46823.1734,46997.93169,50594.78577,49493.40976,49863.74736,49190.28819,47225.88092,48477.40814,49414.63547,48039.73643,49773.52188,49737.60773,50310.67164,49254.70341,48465.29222,48612.2606,50124.59024,49360.23582,49400.33596,48881.89691,49668.24318,49107.59298,47464.9336,48674.47364,49267.75546,48974.04138,48902.32392,49894.32482,48603.87626,48131.57153,48633.30821,50687.46439,49757.58819,50243.52226,49320.76882,47404.13633,48732.98364,48045.22844,50415.67731,49010.34797,48130.8433,48632.79546,50490.8449,49314.71297,47800.10928,49775.5298,48994.85408,50423.6094,48428.9017,49776.28835,50198.81339,48567.85704,47857.8343,49316.12944,47640.87755,1993.5
48009.64915,47080.61549,48659.14461,48095.60913,47494.16607,46758.82306,46045.28439,46427.85494,47491.69701,47345.60989,45965.60567,48050.8485,47366.67117,46716.1343,45431.35727,46632.09888,47813.98753,47753.73165,48577.47556,47113.20069,46756.2602,46707.0563,48398.93172,47941.22174,46984.33441,44982.640856,47418.56086,46717.95971,47873.7264,45842.04073,47119.55766,46942.15274,47133.05569,47402.58959,45490.5327,45740.71684,46942.88029,46393.44549,47421.01837,46368.52162,48594.1286,46878.23489,46435.19871,48266.13917,47730.74407,45141.25248,45333.84927,48774.9706,47847.98869,48269.86131,47778.98769,45616.82771,46663.1762,47653.18678,46509.00365,47468.92401,48141.90976,48814.64007,47436.43862,46720.70281,47049.41168,48422.40561,47866.38801,47835.6353,47462.07602,47850.94517,47590.28187,46010.7623,46966.29192,47685.57136,47253.68774,47500.37457,48241.64586,46899.8989,46662.87351,46526.1749,48809.98122,47755.15463,48523.13886,47735.64975,45643.92591,47021.66654,46053.75283,48958.77174,47179.77702,46735.7458,46846.48912,48872.37794,47349.84585,46352.42359,47571.34247,47374.97231,48484.76346,46882.05291,48320.00298,48778.38236,47289.33566,46369.17673,47492.23258,46260.68036,1994
46621.89185,45648.28724,47292.62054,46548.85501,45891.77972,45261.65114,44654.99905,44741.91075,46198.61867,45544.37372,44573.3217,46874.73688,45568.97154,45060.10283,44077.60997,45369.46683,46236.71556,46105.07467,47170.45655,45797.93215,45651.33358,45505.6175,47037.66344,45886.34278,45342.26796,43856.95013,45804.80382,44952.86093,46257.48035,44622.78979,45731.12135,45591.9124,45659.04933,46179.76316,44125.08201,44576.54581,45730.91065,45280.60311,46223.04326,45143.0726,46942.83011,45530.66781,45061.53947,46776.06599,46147.72294,43825.93274,44256.72179,46941.79876,46270.97751,46855.73728,46366.76276,44188.6581,45235.63168,46225.78638,45422.60723,45615.01707,46923.33127,47405.15406,45849.86284,45284.80433,45619.04772,46712.07744,46650.83534,46235.55524,46041.97234,46060.26006,46463.64174,44623.2772,45407.61491,46301.13064,45935.20161,46420.49575,46803.3048,45297.64209,45649.49425,44792.54118,47183.18057,46059.93516,46770.4784,46544.82473,44308.84701,45770.73794,44580.86516,47239.57222,45687.72357,45830.72182,45598.95301,47488.48597,45586.39549,45250.12417,45496.23057,45775.86969,46694.55189,45476.62827,46999.4603,47298.66985,46031.20636,45050.07882,45894.86445,44949.16624,1994.5
45821.41798,44657.06457,46380.42457,45259.02032,44737.47907,44290.26989,43827.54449,43514.70532,45402.36718,44140.95523,43829.9219,45936.66916,44311.24047,44141.87285,43401.56223,44866.22014,45516.9407,44915.51479,45950.26409,45079.72627,45215.25366,44793.26879,46150.76879,44506.5514,44481.74605,43516.87666,44849.65698,43847.24294,45174.39985,43946.30305,45282.81406,44693.12029,44721.62502,45559.32615,43213.23068,44036.70595,45322.88004,44864.10694,45679.09708,44333.13786,45909.425048,44782.13746,44426.61015,45956.04063,45125.49343,43119.71797,43873.72598,45513.72211,45197.55817,46073.12976,45530.73894,43475.56789,44602.33282,45434.1534,44812.61126,44745.1178,46322.49403,46625.94412,44768.98366,44427.95302,44934.32337,45425.20654,45951.62593,45397.664466,44931.54897,44691.72111,45864.29415,43944.62412,44537.70389,45447.49958,45052.83151,46023.94188,45749.82207,44048.90459,45256.14187,43631.99168,46237.66059,45075.59363,45663.5502,45923.71117,43786.80847,45192.93644,43833.09241,45769.31036,44996.46123,45720.84089,45149.33608,46985.51213,44642.51625,44911.88502,43949.46082,45089.35789,45541.24772,44555.60704,46041.32163,46357.67415,45150.7717,44518.18046,44910.20633,44027.88903,1995
44132.27792,42757.3168,44467.85468,42951.71477,42599.65471,42497.44363,42036.35138,41416.93629,43604.88667,42001.8493,42135.13477,43744.24242,42286.4582,42278.08561,41836.96732,43404.83746,43847.3634,42916.8977,43845.37012,43456.98052,43682.83641,42989.81346,44061.06786,42443.84258,42850.16971,42205.816317,42926.29798,42083.68407,43169.12733,42437.73276,43778.59743,42847.26402,42975.54499,43895.76901,41317.97973,42424.09837,43706.63588,43316.73823,44155.28618,42620.32392,43880.79688,43166.29841,42939.08402,44284.00964,43334.35039,41441.45346,42717.81771,43282.43267,43076.74449,44355.88955,43595.85075,41974.36643,43091.1038,43756.30396,43130.49107,42980.03561,44787.65869,44878.16495,42915.24361,42649.78264,43139.05466,43205.69393,43999.05863,43628.67816,42909.39997,42455.3237,44482.94958,42272.2044,42964.29283,43655.43863,42971.47351,44441.01168,43643.96704,42150.46459,43754.25414,41943.88141,44329.69898,43202.81091,43804.76408,44329.49415,42507.34601,43687.36292,42037.58642,43417.25279,43402.34436,44544.24013,43571.86214,45347.01217,42850.12916,43418.06223,41790.90191,43286.52449,43539.97568,42718.54222,43925.88829,44188.53814,43215.65665,42907.91886,43248.60991,42212.52718,1995.5
41798.71796,40201.5632,41673.92988,40124.49436,39942.03663,39887.30345,39677.39559,38859.88521,41092.4238,39410.11696,39656.99941,41005.42397,39457.41713,39794.61099,39646.02474,41280.05972,41378.09686,40205.83195,41169.65557,41113.88025,41197.79045,40535.88085,41311.12592,39870.50142,40575.94419,40311.433698,40332.154347,39746.57876,40471.4814,40214.06323,41260.53028,40414.02298,40473.88032,41389.772152,38859.93139,39861.14542,41442.00763,40674.88314,41897.48443,40058.06805,41344.054809,40674.81666,40509.00935,42064.43303,40936.37324,39187.78451,40595.72824,40498.74293,40453.77233,41589.82649,40873.59605,39884.92846,41004.19613,41144.95425,40767.82436,40167.48807,42026.68976,42430.70034,40316.31026,40434.33295,40696.39345,40456.81138,41259.4902,41115.439036,40358.32284,39638.03045,41886.634737,39920.02622,40695.18882,41003.28518,40297.06497,41931.76728,40857.47573,39773.7256,41320.6534,39637.65158,41667.80968,40669.22914,41480.91082,41764.25424,40568.68288,41274.05036,39635.72053,40669.09956,41094.48759,42325.60512,41109.59511,42876.09377,40514.602098,41012.09361,39208.45371,40937.1519,40905.08096,40286.42345,41084.32517,41312.13078,40546.90673,40466.46672,40847.05195,39776.289384,1996
38983.11741,37157.28346,38283.26247,37019.61633,36556.63891,36742.56725,36653.80728,35862.23963,37963.60864,36511.34674,36474.88576,37793.34726,36146.13053,36720.66056,36619.40921,38383.19765,38281.82841,36976.06371,37752.25409,37927.7261,37920.42538,37280.1162,37805.42774,36735.75615,37592.24784,37483.491286,37162.32397,36582.33653,37248.3696,37289.70225,38211.98952,37291.38402,37429.20995,38183.29783,35695.90641,36533.75969,38166.43118,37231.14903,38658.45538,37041.80427,38030.388468,37421.76906,37355.63124,39112.82819,37814.07905,36214.07659,37717.06332,37259.50137,37214.60681,38089.0668,37516.51442,37192.60568,37972.10776,37785.42028,37489.25043,36659.07043,38627.95147,39357.26076,37158.71323,37506.86248,37301.93666,36978.31813,38024.95443,37874.688877,37050.32929,36391.06926,38497.31527,36740.50796,37556.33198,37739.54852,37002.73622,38769.19744,37514.12327,36887.33196,38321.56466,36910.30932,38454.15582,37239.67817,38424.82077,38304.00414,37636.75671,37910.9365,36663.47205,37305.79983,38230.02632,39106.69195,37912.64265,39520.6606,37242.81188,37679.3949,36303.57688,37835.74373,37583.24989,37196.25756,37572.74011,38092.16522,37177.58926,37447.08102,37921.96851,36875.68962,1996.5
36281.45464,34441.12846,35215.54007,34208.32494,33557.83251,33806.2059,33910.87828,33069.0625,35091.33694,33734.61389,33634.21067,34863.713634,33456.68644,34069.4459,33650.68339,35448.856049,35348.48724,34047.680047,34777.1547,34968.95667,35030.14543,34339.516988,34835.67512,33927.53298,34834.14064,34594.045139,34373.748436,33809.51758,34629.37839,34532.512841,35373.30676,34560.74341,34587.98925,35613.404919,32768.81483,33472.54774,35393.81673,34078.56006,35744.88853,34411.56367,35037.6131,34685.59391,34318.31989,36136.35702,34925.80819,33791.6083,34969.14833,34429.46939,34213.02122,34982.85281,34522.54894,34826.22228,34873.42413,34744.55701,34425.93646,33609.03187,35443.68175,36525.198076,34513.528097,35063.438143,34158.045,34044.76414,35073.30735,35132.154631,34151.16821,33568.55252,35348.686769,34000.03921,34620.00051,34919.21727,34201.9415,35945.25453,34597.05403,34434.6067,35625.81236,34445.62042,35409.435877,34201.53257,35424.45843,35288.22147,34907.499123,34878.51704,33848.49336,34352.84271,35658.227931,36053.84354,35047.36403,36232.91351,34134.016148,34684.28224,33628.8621,35022.713803,34667.26404,34367.32955,34428.97185,35180.368,34340.15682,34819.34715,35285.12055,34284.094056,1997
33249.56862,31653.40556,32155.23597,31431.24564,30712.9135,30901.01522,31299.52115,30301.03053,32308.46586,31118.39488,30839.19438,31775.95564,30954.63269,31467.24173,30656.97947,32471.265009,32278.84462,31150.952906,31907.64873,31957.2227,32014.97063,31459.20837,31864.62,31139.45619,32101.70548,31600.362039,31339.947709,30872.24502,31816.38716,31846.525315,32615.45417,31865.48193,31757.6682,32891.385887,29754.74293,30460.07943,32545.05084,30967.06203,32570.64084,31853.84023,32030.230095,31638.31213,31295.53205,33343.20774,32049.59105,31180.87531,31961.58517,31634.69177,31378.30862,31657.56995,31537.78559,32157.9792,31857.62124,31822.07051,31365.92184,30757.44426,32425.85754,33557.85617,31776.72897,32468.05168,30963.03262,31057.68069,32008.1928,32352.476756,31347.24457,30811.10226,32362.209141,31217.68791,31720.46886,32081.24394,31487.95547,33084.60876,31815.03735,31776.96787,32900.27348,31685.65185,32483.939807,31142.72644,32368.02361,32213.5205,31944.34016,31867.21647,31055.36923,31517.96273,32813.37734,32926.03704,32289.31327,32851.89306,30908.634591,31727.17145,30920.04269,32167.87897,31944.29833,31556.68895,31488.96961,32223.475,31448.67195,32130.67429,32465.05763,31484.334698,1997.5
30344.098922,29148.313865,29324.34777,29068.30647,28385.4506,28544.05693,29172.73454,28014.22126,30012.28948,28858.74252,28351.84442,29107.702474,28760.27357,29040.765467,27978.8136,29936.839561,29708.67032,28693.410527,29495.38032,29460.28871,29543.21173,28810.218608,29325.46359,28730.40592,29613.69188,28979.969526,28787.476011,28379.25351,29132.80037,29787.870257,30080.641105,29475.23745,29373.23628,30229.285751,27294.29569,27767.99248,29855.31832,28581.7636,29969.48115,29572.34655,29271.482226,28746.29215,28688.96774,30881.32705,29448.772524,28925.36841,29128.05013,29319.08175,28841.0044,29114.93483,28866.73534,29701.82123,29384.52475,29370.35283,28692.24881,28408.42963,29742.61521,30879.761856,29408.809575,29997.513466,28222.86142,28323.33135,29375.92918,29763.899453,28885.54626,28473.72235,30083.245607,28741.80255,29190.20099,29494.066247,29156.73348,30447.361477,29347.65314,29270.984597,30439.39682,29290.63033,29917.111341,28511.13621,29570.33408,29615.47071,29115.550192,29160.25718,28801.00536,29195.38196,30318.269459,30399.722404,29685.12534,29955.89967,28210.31169,29227.88959,28345.195824,29600.893541,29747.88349,29111.82054,28931.16638,29768.11682,28980.13268,29771.61114,29966.25133,28840.720093,1998
27282.89353,26480.72768,26586.16232,26716.52964,25965.25334,25856.40908,26862.99021,25760.88283,27549.48017,26399.3295,25822.6755,26506.047583,26458.54831,26633.35102,25357.38052,27337.188471,27210.41066,26103.080235,27049.48935,26751.30845,27090.88015,26268.608837,26625.68163,26354.70404,27057.49659,26233.424298,26327.239188,26067.80739,26381.05664,27477.039261,27362.47925,27107.89297,26781.93083,27406.980466,24828.89942,25190.30074,27212.78055,26242.43638,27320.25095,27229.79726,26407.228301,25991.39779,26099.87215,28150.82973,26678.438174,26362.76846,26244.43246,26881.80931,26217.54299,26411.77215,26084.20852,27007.61872,26961.40022,26930.90393,25837.54092,25971.58591,26971.87482,28062.729467,26619.707555,27380.056929,25602.92948,25845.92155,26718.60969,27057.371351,26329.04277,25972.08001,27735.619224,26260.63739,26568.77479,26721.32601,26663.54863,27602.68767,26793.20619,26788.56028,28004.55909,26745.57303,27370.511421,25785.19455,26763.76236,27004.28877,26298.659325,26508.36723,26260.07019,26886.51159,27825.251872,27861.13531,27108.51653,27154.37057,25487.498527,26683.26099,25833.74437,27085.183159,27433.42486,26668.6453,26343.23663,27065.24297,26350.00212,27268.38032,27391.04103,26383.971339,1998.5
24821.804149,24194.768166,24180.07538,24533.60272,23697.1944,23498.81081,24562.93577,23521.00573,25277.57388,24359.99045,23466.56111,24074.923255,24257.68973,24282.195845,22966.421335,24801.339667,24923.092797,23753.833103,24684.32212,24459.123418,24865.36701,23989.394456,24156.37882,24120.83873,24666.99227,23897.11383,24218.92371,23856.28994,24058.87472,25154.889216,24797.224983,24779.99844,24445.66344,24834.463752,22679.39897,23131.18116,24831.62888,23901.86213,25114.72033,24980.36673,24035.045653,23481.359812,23759.33863,25602.474635,24057.299642,23903.17697,23719.32684,24685.76745,23764.02612,24213.3544,23520.82307,24409.23784,24501.69259,24602.73305,23381.53474,23917.66143,24494.98212,25406.033904,24192.879408,24905.034065,23454.91791,23695.05947,24454.76775,24816.52067,24010.17897,23707.72277,25331.20564,24218.54587,24385.80606,24308.362564,24534.0519,25111.749493,24458.89569,24493.898889,25861.25517,24181.46526,24951.019429,23610.58747,24430.06544,24665.52942,23826.952313,24093.61341,24007.058174,24898.065718,25766.633404,25630.01702,24541.911656,24404.68698,23294.239832,24382.91485,23613.945893,25015.805728,25199.78656,24249.729208,23985.987337,24767.80097,24068.75386,25082.89068,24955.10556,23881.770179,1999
22317.892633,21803.975292,21715.55842,22270.83971,21278.83443,20853.58038,21968.64195,21101.64646,22906.80286,22140.54073,21048.07968,21461.091932,21704.46309,21723.486385,20560.788635,22444.034467,22365.185905,21320.655649,22154.32979,21937.53818,22330.48747,21673.955493,21676.16708,21732.64578,22247.56297,21515.186599,21786.47817,21508.79866,21609.33343,22570.433218,22115.670727,22299.05357,21951.61523,22061.142914,20446.23275,21016.10169,22257.95777,21543.55092,22515.6633,22454.73149,21481.737026,20978.76254,21246.37739,22861.343524,21522.060021,21418.45525,21230.97838,22329.43956,21157.94503,21736.69911,20934.73961,21856.98825,22207.16414,22324.83365,20976.14932,21633.81527,22038.23659,22734.420437,21654.979634,22333.30042,20993.43239,21510.00616,22077.97795,22449.33622,21700.15971,21301.31936,22727.632632,22104.92489,22105.65488,21902.198615,22210.66127,22552.569254,21893.72318,22039.990373,23516.26189,21798.98078,22363.219527,21376.42473,22021.06087,22169.76033,21371.386173,21745.29893,21609.918225,22637.23146,23342.651427,23118.368548,21842.846593,21940.73832,21093.568413,21823.71045,21395.863536,22731.112129,22781.08599,21757.683825,21314.168356,22152.20752,21569.33491,22643.61129,22520.4437,21370.348482,1999.5
20276.107448,19667.361424,19480.0477,20199.39227,18981.04997,18820.1768,19560.31738,18994.48451,20771.075633,20171.11523,18966.382529,19222.148861,19718.00713,19458.600094,18466.511408,20147.837917,19990.371377,19216.031825,20003.914636,19784.880271,20063.941294,19767.389558,19632.48808,19516.12285,19989.88908,19296.215764,19633.868804,19328.73734,19408.84345,20221.079862,19723.824632,19954.284518,19845.05557,19986.334957,18517.03061,19180.00307,20006.9054,19586.71045,20128.353032,20271.3487,19539.17028,18751.984236,19056.57798,20542.326826,19366.253181,19156.53217,19085.439429,20352.53397,19071.52789,19535.64694,19029.48192,19745.061599,19900.80554,20253.37848,18888.75166,19748.94395,19812.36912,20474.832724,19571.93305,20002.444887,18875.49045,19582.83515,20067.20274,20369.351579,19616.36328,19151.415653,20404.002299,20017.82309,19979.97942,20012.324584,20290.916433,20208.703291,19725.60613,19724.779641,21367.93013,19579.731174,20005.181449,19528.16606,19982.77424,20256.038817,19343.039099,19606.179708,19531.571862,20389.141881,21045.425216,20936.12402,19587.790515,19653.622058,19106.487234,19462.42873,19220.662013,20688.030736,20522.7542,19423.367453,18890.830676,20041.50336,19313.88151,20364.89666,20341.68353,19197.279764,2000
18672.851884,18176.536474,17849.97703,18463.9557,17372.72561,17320.56369,17799.53039,17360.10099,18807.177547,18531.77144,17457.873097,17506.445561,18105.98605,17904.804743,17039.337105,18441.638214,18177.422116,17864.21329,18204.53523,18221.400329,18348.32595,18184.734594,18190.61808,17833.96764,18277.8816,17577.45765,17994.000199,17771.51715,17999.31539,18385.873569,17876.802418,18365.656783,18263.66386,18409.582942,17126.125885,17883.01054,18387.37822,18219.03826,18291.610377,18580.33288,18035.76087,17165.591466,17494.40195,18941.328442,17709.394902,17616.23135,17630.753796,18765.66329,17421.69135,17887.57769,17638.33148,18164.499685,18189.31186,18771.05223,17489.81546,18135.02378,18383.5786,18797.542981,18091.58837,18467.717792,17514.17623,18102.46076,18575.83396,18585.503357,18070.31056,17628.25833,18746.474492,18440.92413,18337.57663,18594.485093,18678.53555,18382.875405,17933.35798,18020.311884,19646.66048,17905.405921,18259.356821,18057.743811,18493.57923,18801.91976,17814.52444,18123.316838,17926.443318,18685.475824,19027.350016,19215.950349,18009.069859,18025.54852,17649.798866,17639.46891,17605.080742,18979.341392,18792.980026,17734.955977,17247.970353,18451.36221,17934.28937,18537.90621,18747.52382,17575.159907,2000.5
17693.692449,17150.657587,16778.90844,17035.272764,16460.655463,16384.243798,16691.435221,16251.06055,17396.692274,17298.446749,16535.32254,16387.037043,16827.508636,16866.167322,16044.193689,17332.830998,16874.545406,17078.967891,16887.125645,17196.751717,17080.526041,17190.677348,17197.801463,16780.527637,16953.269063,16382.512516,16889.877667,16506.96664,16969.260893,17037.916633,16735.764498,17383.005976,17283.63915,17387.843374,16213.134685,16966.22954,17389.413075,17533.841265,17045.237125,17441.019541,17090.807377,16375.803378,16503.45066,17820.867241,16664.697222,16588.09828,16712.549129,17713.050434,16278.523745,16733.97027,16828.448109,16985.231225,17128.308248,17822.6137,16567.71124,17023.69066,17305.074478,17713.279328,17232.557706,17424.816784,16899.44607,17123.32378,17617.26845,17272.893044,17009.529141,16752.883611,17656.770806,17511.47817,17305.08544,17645.142222,17505.991212,17006.18939,16633.613532,16896.01213,18365.42523,16746.906001,17101.972355,17154.471932,17516.80328,17649.730742,16716.860962,17204.161121,16772.85452,17427.50405,17639.471004,18107.696423,17080.962317,16814.059595,16584.726469,16503.1392,16558.754176,17683.485503,17704.792669,16557.591061,16194.319899,17365.41005,17012.03846,17346.73321,17674.563573,16607.602856,2001
16729.117976,16220.379194,15965.306403,15835.757137,15821.889227,15631.79486,15848.53683,15304.16216,16304.527278,16504.534136,15823.960619,15619.375111,15872.373651,16085.269668,15245.08875,16423.915027,15905.840869,16531.98198,15921.156886,16391.43898,16006.317455,16392.36077,16169.800166,16041.58779,15880.389075,15513.809894,16050.499814,15709.86272,16142.708111,16012.241956,15908.376422,16630.092022,16503.98866,16458.369601,15581.625082,16242.74254,16409.826158,16909.06596,16036.628178,16631.779034,16277.264874,15797.86581,15746.14496,16867.648815,15845.087488,15805.76046,15979.922589,16710.65043,15346.376105,15961.90236,16218.83144,15956.834557,16166.442118,16870.51888,15773.18435,16167.76699,16508.612346,16768.180952,16626.249581,16607.821538,16472.77424,16403.76926,16737.69093,16158.295072,16096.144717,16004.730085,16781.425331,16699.11067,16449.49156,16866.614209,16547.494034,15921.461187,15619.897657,15963.754297,17201.68233,15914.995393,16231.421547,16399.979189,16603.924526,16660.90149,15703.172435,16479.709632,15853.102194,16518.796133,16414.17526,17086.392541,16383.033071,15801.198644,15747.508924,15791.62228,15689.358024,16775.752819,16756.996955,15683.16686,15377.038077,16472.69071,16350.50462,16386.36156,16740.299615,15845.355793,2001.5
16263.610217,15755.832307,15512.156619,15081.591446,15404.298816,15327.37441,15269.639403,14857.729319,15823.953362,16024.786794,15402.817913,15205.79343,15464.206873,15525.070105,15085.696269,15834.435249,15450.105804,16132.754293,15425.650987,15854.213799,15363.275888,16027.036568,15600.923379,15672.542456,15070.510811,14903.642211,15674.359645,15079.92905,15484.369066,15454.253827,15251.343058,16097.207141,15882.7073,15791.182344,15062.542907,15677.55449,15743.690287,16507.389836,15485.49077,16201.633645,15777.878933,15487.950125,15299.529122,16158.531244,15411.619287,15353.801974,15379.997574,16115.902103,14851.607951,15582.571732,15878.407783,15400.532999,15657.657702,16118.360523,15325.353699,15664.798921,16174.352805,16028.828607,16263.090591,16070.77574,16229.85385,16075.518752,16021.78962,15409.147543,15412.758055,15551.32886,16265.853469,15921.79804,15771.406631,16381.029416,15969.35657,15215.802223,15063.457882,15619.037737,16414.29457,15287.529892,15812.16793,15768.959931,16018.758263,16103.26605,15087.113692,16021.848248,15291.204528,15855.504318,15866.69921,16475.746607,15864.158454,15288.571131,15403.48528,15456.072333,15161.305434,15999.941506,16104.55111,14930.986438,14931.610978,15838.407564,15723.041167,15828.499378,16214.076009,15405.829675,2002
16874.798243,16195.927252,16284.739245,15767.202534,16342.109481,16106.850138,16005.15317,15757.365362,16624.095482,16649.807659,16152.944618,15904.853018,16312.705535,16358.195127,15964.240094,16470.13622,16208.066716,16806.00111,16071.906857,16469.548444,16078.161007,16880.727186,16254.406365,16343.748015,15491.555584,15532.007911,16490.720441,15763.23297,16094.074337,15995.657031,15820.59731,16563.113035,16342.57304,16339.46621,15811.212132,16415.7543,16163.832031,17078.68458,16231.875192,16868.312523,16530.006611,16363.383978,15920.097143,16649.239923,15965.895989,16102.847147,15871.666647,16462.110468,15656.790188,16233.750738,16627.727263,16105.655012,16378.71827,16435.670201,16276.042664,16509.689867,16805.966426,16389.704908,16976.516636,16746.925787,16757.4366,16967.859423,16419.37857,15690.112271,15836.467359,16317.329419,16757.246509,16246.3023,16124.871246,16979.040769,16563.192629,15861.542451,15639.548904,16155.095376,16729.80639,15878.613205,16559.655648,16398.337336,16570.862991,16539.550722,15657.023847,16640.193312,16050.329436,16388.712367,16410.75304,16999.775932,16537.873845,16237.727928,16078.803684,16032.10617,15871.986542,16370.506026,16517.930118,15489.772734,15457.482731,16258.350535,16388.979583,16545.991164,16768.939098,16112.252302,2002.5
18199.273539,17446.326494,17873.567351,17603.763485,18043.198585,17755.732016,17667.811109,17629.89739,18168.206257,18258.494883,18050.639349,17462.560552,18075.748543,18172.430445,17568.544696,17830.188906,17898.149968,18376.426545,17598.147951,18025.903479,17659.011221,18418.032868,17932.486196,18111.836513,16956.863648,17167.086321,17874.929219,17423.58778,17656.517012,17257.723464,17343.81716,17710.50241,17716.109999,17855.479691,17548.045672,18027.62409,17461.536086,18682.936131,17862.44619,18264.742026,18143.891101,18125.811327,17675.412139,18055.523589,17296.382721,18038.43252,17215.453056,17713.149865,17539.346068,17844.547928,18247.638148,17911.785777,18108.19077,17599.652382,18180.674942,18143.255792,18077.216446,17886.842973,18525.686065,18309.187973,18254.03479,18606.812665,17711.18158,16926.480345,17185.252679,18020.780753,18099.074804,17767.94634,17330.641026,18269.72611,17971.916138,17682.260394,17321.811704,17290.942524,17763.584072,17450.595622,18301.973173,18127.652693,17966.631069,17802.416403,17226.669813,18091.219849,17835.708656,17780.230276,17990.042892,18556.35306,18198.361741,18407.659752,17376.1088,17614.753296,17662.750793,17643.627176,17798.85903,17240.484066,16818.849327,17572.112233,18153.544738,18223.280259,18141.150984,17770.216061,2003
18826.285193,18206.63874,18712.605643,18809.321472,19024.355637,18872.903764,18996.26622,18921.844348,19113.34153,19357.483924,19243.733287,18384.762847,19046.88509,19400.753816,18536.583466,18597.237628,18914.830496,19339.360798,18369.140896,18940.476801,18616.887181,19220.168833,19037.230815,19228.716523,17920.741898,18345.428193,18779.972248,18674.255704,18492.769498,18018.681443,18361.728866,18449.576691,18612.653901,18866.853599,18738.820055,19195.916011,18344.814467,19708.943304,18805.463683,19062.183742,19130.599957,19097.507343,18734.877104,18975.166071,18204.566392,19030.693584,18157.594198,18520.627776,18823.81843,18713.983868,19281.526384,19039.637982,19215.235678,18296.909633,19262.410851,19101.576864,18671.36742,19091.565301,19348.719131,19223.284729,19095.22077,19478.785714,18475.81617,17766.310911,18171.295312,19144.191812,18722.370126,18785.13198,18152.350005,18916.588961,18868.338761,18836.510069,18388.197305,17974.373788,18328.110119,18405.209608,19443.268762,19197.216441,18752.231996,18650.038145,18293.248166,19033.72458,19156.985088,18630.567129,18930.333346,19438.924118,19138.150941,20031.136163,18286.301015,18526.173387,18778.945293,18466.213738,18731.187308,18477.709105,17754.632154,18464.26497,19154.583728,19164.894098,18904.442192,18852.309679,2003.5
18456.629533,18029.080484,18489.854916,18677.536729,18722.161778,18707.594855,18939.207506,18882.721315,19039.177971,19255.980805,19042.293256,18177.564115,18785.091547,19358.759156,18349.089345,18241.593395,18732.395615,19043.841268,18162.844383,18758.817466,18506.00304,18925.184427,18797.943143,19084.769843,17889.068338,18409.0969987,18656.452568,18724.377843,18320.16649,17795.826443,18157.275806,18288.760706,18452.659966,18793.627093,18785.316933,19123.416974,18256.603298,19661.508035,18633.05883,18630.638455,18846.052179,18760.274309,18779.203981,18794.505604,18273.073662,18638.774977,18133.433067,18215.24002,18817.553225,18386.864467,19206.991688,18975.524386,19144.234368,18018.533662,18961.823836,18854.986079,18338.63732,19153.796672,19153.854059,18905.617815,18710.741403,19155.536013,18351.885754,17735.130327,18168.958824,19023.162696,18380.628099,18522.48481,17968.845062,18505.448898,18577.837587,18723.692379,18412.781568,17775.638884,18082.413137,18256.320455,19311.144857,19135.943458,18362.632519,18327.308703,18413.680663,18913.486393,19215.274165,18545.762501,18848.284652,19098.079744,18765.573939,20129.957628,18409.370639,18442.658899,18757.057101,18275.62318,18595.607642,18558.134767,17784.638327,18319.118532,18913.852972,18846.033499,18603.80567,18697.672547,2004
17589.21013,17319.802503,17617.052009,17861.606237,17883.357757,17874.997312,18157.874466,18156.491887,18415.78337,18553.992291,18123.106093,17382.360768,17876.92478,18517.11653,17624.767138,17250.46789,17809.030846,18231.014866,17449.460199,17966.086365,17907.92068,17978.204259,17790.182971,18124.77976,17178.970218,17767.0340024,17910.91156,18145.658058,17447.596326,17081.957131,17380.099713,17646.159344,17511.078534,18039.482491,18068.583215,18262.77783,17523.143324,18836.401219,17838.231297,17678.396231,18023.164403,17662.770122,18054.74084,18065.498159,17662.949732,17544.666042,17561.504635,17284.44239,18071.751804,17378.796623,18390.946519,18029.539281,18204.30481,17198.362247,18112.588857,17979.44953,17453.081302,18497.574996,18389.28273,18059.448785,17687.147075,18220.757532,17832.344192,17027.142813,17629.290821,18376.362361,17597.160978,17716.10914,17301.786901,17363.537916,17712.310864,17791.41051,17632.799597,16984.414518,17339.275687,17499.164633,18473.851697,18365.93746,17516.174159,17595.06313,17782.520695,18194.801145,18481.079188,17733.128477,18139.484599,18185.905596,17818.767113,19366.440121,17816.74787,17609.71631,18062.322429,17494.285652,17777.232448,18003.402718,17266.27735,17557.084563,17930.93298,17826.64523,17727.073115,17986.49889,2004.5
16785.490241,16506.856674,16881.203949,16939.528577,16965.541019,17032.714411,17245.254498,17266.841153,17510.021785,17833.44067,16970.511617,16557.580352,16962.278218,17402.523349,16893.950551,16246.477429,16769.183144,17322.730629,16656.714874,17016.873902,17108.901277,17026.431251,16787.517196,17018.281364,16324.050466,16696.9492993,17099.34119,17221.275078,16441.469556,16278.652056,16498.004004,16923.817472,16521.9926,17168.996168,17259.808312,17280.979254,16698.001947,17929.382869,16885.856019,16551.445903,17153.7637752,16499.384572,17176.441999,17241.833733,17003.049512,16460.042241,16771.292292,16261.637393,17150.283723,16521.904103,17652.315553,17075.720497,17140.575269,16402.007176,17128.148578,17135.553185,16521.711779,17490.2647,17478.296323,16976.130441,16470.463714,17198.747836,17231.772696,16373.9971549,16965.088291,17573.67034,16785.42617,16746.661422,16674.801622,16324.996774,16937.839082,16570.431897,16661.199607,16236.523228,16523.929224,16745.152094,17523.891411,17550.852384,16468.669466,16698.423842,17201.538214,17554.331395,17653.308474,16966.941749,17371.606923,17175.176158,16989.458132,18340.306466,16906.375555,16590.099129,17123.884814,16616.35611,16679.779641,17181.311212,16507.203247,16522.863473,17161.866905,16824.618378,16933.51927,17077.9630755,2005
16165.050437,15973.333986,16342.30174,16156.946991,16310.248798,16540.658383,16423.10218,16632.925282,16721.359402,17040.050283,16074.749573,16038.150966,16165.532766,16600.584468,16259.126136,15714.124678,16159.018934,16708.639803,16088.98361,16318.488925,16446.157987,16245.371004,16076.64948,16129.237572,15778.986519,16036.6362026,16709.764131,16589.470679,15681.922726,15697.944639,15773.691656,16487.330993,15946.793242,16480.622966,16542.554355,16415.670206,16118.335552,17183.800984,16250.771276,15751.019033,16467.7053909,15657.117668,16660.5378,16623.488727,16476.0303,15657.592852,16258.150463,15622.326341,16446.406504,16114.856661,17024.666697,16255.103841,16282.549244,15843.857095,16404.850521,16617.392429,15807.860329,16648.194401,16869.799694,16118.042325,15612.790891,16383.281911,16966.617468,15931.309824,16497.944509,17011.19912,16176.845813,15866.478705,16032.555738,15750.78974,16416.579229,15710.66563,15979.974191,15718.66795,16024.813375,16160.220766,16851.489782,16931.26977,15812.51052,16041.139171,16661.820902,17087.685827,17057.419671,16375.573177,16751.210164,16474.846319,16322.784199,17318.295212,16261.76192,15791.969532,16301.557412,15977.187316,16027.632141,16516.000002,16008.579619,15804.867209,16523.771076,15985.618577,16257.86743,16435.684129,2005.5
15859.401784,15833.287106,16066.105536,15570.235713,15731.426609,16352.5941,16026.255093,16219.686886,16180.245283,16365.245554,15774.216319,15537.7536242,15690.066773,16315.092554,15893.30804,15643.0833572,16090.755867,16284.2734052,15733.787094,15942.613803,15783.995059,15725.626044,15682.23326,15835.911985,15549.519205,15564.8951838,16518.4141466,16184.004913,15246.795072,15448.0088765,15458.702952,16223.695795,15819.628146,15954.0983851,16124.30035,15946.627723,15831.95115,16672.088368,15830.019183,15229.679931,16062.6137905,15385.141181,16356.37122,16054.537704,16247.950466,15192.590445,16023.014371,15359.721934,16058.798167,16162.156747,16671.226973,15744.700785,15789.285058,15742.682826,15850.294102,16418.684313,15404.708619,16123.899134,16442.881627,15701.477127,15224.489172,15956.887044,16783.672484,15911.5388325,16157.377627,16660.179454,15646.7474476,15366.780191,15529.631112,15390.80063,16331.532606,15384.110634,15571.353033,15424.752156,15895.656393,15691.195471,16420.6506433,16543.275965,15578.051493,15668.510714,16398.5020258,16865.384586,16674.06856,16048.935332,16224.08692,16094.585833,15911.84223,16592.333213,15666.0889364,15522.821964,15745.673469,15477.6281767,15843.61935,15920.409535,15676.319972,15658.854179,16031.439531,15587.904634,15698.625697,15964.3781301,2006
15942.474158,15808.936297,15811.855167,15484.302106,15346.09756,16279.733704,15855.500654,15947.521385,15822.490866,15993.706501,15611.021772,15408.3873611,15433.092833,16262.820013,15764.783534,15746.5041344,16127.432952,15884.857369,15528.245739,15822.130125,15478.16782,15428.290304,15519.639008,15570.252878,15561.947267,15430.523607,16450.5174586,15876.743597,14943.398904,15279.0038541,15417.014445,16063.533861,15921.593178,15513.6075749,15907.867113,15825.894942,15727.110881,16219.687123,15654.650671,14911.825031,15804.5237237,15319.669355,16214.466027,15567.488675,16197.705422,15150.83,15921.017715,15516.527008,16037.221467,16269.119508,16522.901477,15355.039936,15549.660742,15768.964631,15767.658013,16242.946203,15241.295491,15801.192219,16125.749434,15469.666129,15104.6455,15746.295586,16641.321829,15856.1623541,16055.275845,16505.722976,15421.5052905,15153.424597,15151.230108,15348.736717,16533.993264,15533.90781,15523.575457,15507.93143,15976.111154,15355.833279,16036.05938,16322.078363,15488.343087,15605.451948,16268.464214,16590.014311,16474.81444,15772.708256,15936.537344,15918.398448,15722.48079,16302.287228,15282.9922658,15449.107858,15627.2251,15371.891375,15774.400396,15640.420721,15596.662816,15696.670061,15768.931735,15398.268186,15412.07687,15586.2054605,2006.5
16139.660918,15817.899378,15770.428034,15703.321597,14917.756314,16367.543952,15743.478197,15952.560528,15732.141943,15741.975247,15575.758827,15413.9261915,15312.737985,16165.1901357,15674.682613,15870.4454048,16100.697959,15459.8519123,15551.292043,16049.915668,15692.524197,15361.7491379,15619.565303,15348.812968,15771.089218,15376.4175335,16224.6091054,15856.317068,14949.385393,15151.8571892,15399.9006899,15841.009476,15962.032453,15321.5056408,15802.54198,15905.464872,15736.227363,15892.324096,15718.035094,14781.237873,15697.4612946,15326.637352,16316.767724,15268.481995,16279.030577,15384.743246,15829.662865,15913.048543,16165.649834,16179.61186,16523.661864,15316.406351,15397.836986,15915.229514,15736.364293,16111.020699,15148.077799,15695.8697008,15790.7052463,15500.4462356,15189.480377,15652.510484,16489.226175,15755.7325922,16013.027422,16432.432257,15332.528535,14994.590573,15000.280906,15464.5503964,16699.04374,15827.3303922,15575.764166,15658.8797784,16014.156962,15169.006594,15819.7148753,16214.350645,15413.663389,15631.059458,16197.8085474,16296.916727,16377.388402,15716.87486,15739.1404664,15834.349781,15663.515374,16274.420214,14952.9168394,15418.36738,15783.8372163,15285.1526346,15857.624706,15499.282652,15521.216307,15950.991381,15646.988116,15378.413032,15303.164499,15303.092042,2007
16371.260671,15781.030289,15844.447879,16009.422845,14618.421482,16302.466174,15846.126379,16086.648508,15623.68311,15735.127489,15475.005924,15350.2921466,15253.141991,16003.6596197,15605.619611,15882.6938512,16083.187626,15317.1605109,15649.159654,16183.13391,15710.270823,15466.9841065,15694.839041,15161.611967,16022.986059,15505.0528122,15911.1312765,15826.531851,15240.861732,15236.0486545,15429.18573,15798.383969,16058.197835,15321.5394024,15853.007817,16184.982808,15732.644084,15627.146319,15883.149458,14825.074,15710.9529176,15454.725777,16450.83041,15157.07601,16280.9365831,15581.595443,15831.886164,16178.567,16323.880389,16088.63351,16307.341398,15381.684502,15365.125444,16064.441952,15737.964053,16194.745261,15267.927849,15740.5044897,15532.5316826,15581.4674862,15278.041832,15614.977827,16303.128758,15690.8052367,16044.519648,16327.789178,15327.0374175,14967.637968,14931.378402,15625.6982367,17012.649084,16018.318336,15719.841963,15820.021663,16025.654408,15222.770394,15668.166518,16266.060852,15529.344459,15877.45778,16194.0475493,15926.486414,16376.846954,15537.423645,15788.1034981,16026.8497,15637.421498,16373.037287,14827.6523039,15478.039978,16149.7654421,15477.0097673,15872.207976,15451.272577,15588.373507,16171.568511,15749.849043,15340.045213,15396.629557,15158.5228935,2007.5
16467.4679563,15555.5791851,15972.488267,16117.259879,14362.382925,16236.711797,15951.138409,16259.787251,15620.302156,15629.642444,15255.9065998,15238.6943437,15101.516094,15760.1074726,15525.5399215,15842.0229805,15982.641495,15289.1547274,15456.322951,16186.2755143,15670.570448,15473.1947335,15655.068296,15063.935873,16076.871181,15552.8971266,15424.301644,15882.039554,15575.806954,15468.7477465,15426.8897449,15743.126949,16188.435738,15367.997185,15876.088227,16418.446016,15762.797751,15455.937016,15906.276957,14850.317277,15744.7963316,15538.9187747,16612.342394,15127.4388721,16006.4200352,15644.25554,15821.716474,16015.891788,16184.124492,16044.309894,15935.228363,15393.727483,15289.128564,16055.653344,15617.461737,16260.995477,15446.367608,15902.3235466,15353.9873253,15625.7807367,15224.662472,15604.013488,16038.491652,15674.1311133,15754.065319,16183.287104,15159.0021146,15011.504968,14910.475536,15635.3773368,17067.789961,15930.2825137,15729.735847,15846.8669597,15965.132135,15417.3015578,15603.583012,16222.247458,15662.66311,15941.152254,16102.0368525,15527.741881,16312.6878908,15278.1804485,15857.8722497,16258.9245919,15438.871287,16394.369551,14838.1041629,15517.240184,16357.2362774,15725.7229163,15874.3673154,15384.6312075,15576.6060239,16265.50526,15897.805377,15340.125999,15503.206185,15116.43528,2008
16098.0152991,15033.3161012,15645.813628,15863.427792,13922.247921,15807.350807,15743.873341,16131.940482,15360.565673,15278.836336,14856.7524439,14919.0446749,14583.018797,15321.4635475,15024.5309123,15506.4734377,15600.8296347,15081.7467373,14993.293428,15762.140693,15341.643688,15247.2898034,15276.323408,14712.881734,15745.077299,15320.2082014,14777.2648855,15672.725103,15495.572765,15441.1667245,14991.8882615,15264.80328,15946.472551,15091.4516858,15677.790711,16233.828599,15403.750319,15025.872357,15613.572492,14677.010798,15436.4265224,15404.5208761,16373.645743,14956.713182,15618.0067342,15246.118304,15557.333786,15367.896906,15578.022813,15665.68857,15368.25324,15017.666182,14984.542726,15628.185738,15383.540513,16023.218326,15340.147773,15677.021624,14959.3802106,15332.697194,14836.756092,15260.808518,15382.027936,15479.6736773,15358.842758,15661.991437,14855.9329373,14679.696792,14600.1451,15273.7825297,16773.242894,15500.238527,15410.580721,15708.6400718,15501.204042,15367.53626,15226.9996488,15874.350556,15350.871921,15587.490687,15812.9322515,15109.669277,15932.363031,14824.94084,15775.6994367,16126.2090255,15049.191943,16117.529736,14645.1279718,15062.939727,16160.2805326,15714.3841318,15572.003372,15030.1577618,15252.115748,15845.251701,15571.594396,15033.87069,15149.620983,14748.3034841,2008.5
15800.8841075,14588.2600045,15371.85364,15599.172628,13744.611011,15291.8178708,15371.1429817,15814.294208,15382.1114191,14912.705577,14480.7627522,14629.9394578,14250.809469,14931.8048929,14727.5637309,15116.8213758,15189.7493327,14836.0792628,14659.9144392,15458.5106958,15089.1417337,15096.5428756,14818.844726,14437.999929,15465.3883877,14967.3398443,14361.208678,15444.254917,15266.213645,15298.8642706,14474.0733021,14856.0514675,15613.055286,14905.1155209,15468.4097271,15754.612281,15134.192898,14643.68187,15304.0446336,14593.975707,15388.4781231,15254.8411498,16040.283649,14761.8382987,15356.6236352,14870.104318,15198.4431159,14740.701724,15073.317039,15301.042671,14976.176541,14587.2055708,14740.882051,15337.563657,15250.410534,15597.16361,15104.681296,15380.1792373,14730.5894652,15142.877072,14437.972332,15072.499254,15070.118838,15404.2454032,15027.5861727,15251.3502749,14770.3778023,14299.761547,14262.138982,14957.8506472,16327.2141975,15244.7614471,15042.692061,15702.6472656,15210.096497,15129.2083271,14843.647749,15404.0067774,14982.035951,15228.576769,15428.3272193,14870.0724788,15462.9462296,14604.9149558,15629.6365925,15790.8174937,14665.026397,15721.10027,14630.7052262,14757.854625,15824.8088234,15728.1904773,15350.5050191,14570.8501724,15012.8756577,15449.423583,15173.038289,14855.132387,14697.544547,14503.4204026,2009
16712.0849818,15326.7368253,16230.666088,16351.011383,14978.803893,15811.097656,16106.257136,16441.974461,16492.0612045,15659.662033,15371.351633,15444.5107872,15301.56753,15641.3395304,15514.3127063,15910.6232563,15992.7247545,15898.0194566,15787.3083085,16144.7828411,16362.754579,16120.2006735,15538.394038,15485.444139,16260.918623,15740.7419607,15213.5675022,16414.139141,16044.767056,16053.7527367,15361.4876788,15839.7927925,16252.303265,15710.8149629,16340.7896421,16229.668527,16027.116583,15605.31425,15942.5963221,15740.227771,16383.5554684,16199.2831376,16693.455618,15744.8727876,16134.0548596,15811.081465,15843.3560056,15430.507991,15717.339688,16213.293737,16008.722795,15456.0379274,15804.875341,16193.244999,16117.402754,16382.343396,15876.829392,16360.1878434,15577.9670392,16227.537586,15158.580697,16113.808997,16020.997664,16350.5346292,15811.42277,16012.179264,15831.5807614,14962.901919,15151.721995,16108.975983,16960.826124,16089.1438827,15925.256853,16818.5246833,16139.166072,15876.1558725,15701.2623586,16075.9025491,16162.116498,16033.104858,16114.3332165,15924.255125,16152.6694746,15753.4371232,16455.5661311,16566.9371453,15637.1831058,16387.712803,15818.1631953,15676.237721,16666.0322152,16790.0846662,16381.0181999,15368.0277339,16089.9200582,16241.957006,15931.686252,15940.940335,15647.460896,15584.722229,2009.5
18526.8725158,17173.580204,18012.1482155,17737.9739876,17350.9501747,17316.9777328,17879.0401025,17926.836848,18318.3345279,17546.3112303,17376.7193482,17223.6327188,17611.6542634,17267.3137583,17424.1733849,17608.8471146,17912.7914216,17961.7837738,18076.6451258,17770.467508,18737.0407817,18011.3551643,17294.9321007,17837.8689508,18067.4037929,17668.3185674,17139.8805674,18297.169216,17976.6965157,17489.7165969,17616.227087,17828.3610496,17977.050887,17585.2285547,18066.4123034,17703.637779,17686.5574329,17871.786428,17556.8643879,17895.7397721,18111.6122632,18041.6009021,18337.130597,17816.1781658,17765.9574276,17933.753715,17425.5426785,17422.9923714,17408.1122232,18373.193345,18210.2761661,17278.8150978,17827.5959237,18041.674317,17649.172769,18101.724713,17727.00388,18614.0064797,17500.7257076,18326.4147767,16964.749427,18118.983582,18041.290298,18277.9430202,17359.8987373,17791.8641863,17821.0900102,16687.165995,17337.484428,18187.8249129,18451.3155596,17795.1630612,17776.9361891,18761.4835802,18121.788251,17634.6721431,17648.9326318,17652.7102734,18549.6222532,17800.1096898,17663.5787803,17867.9852382,17773.8807165,18002.1774019,18070.7419948,18392.5584403,17714.9628092,18200.5026837,17947.4132619,17840.522873,18512.8831573,18670.9522237,18427.7208883,17274.2928623,18194.7683364,18049.433238,17799.473387,18149.1852716,17786.0254865,17633.6987903,2010
19702.6942397,18424.4126724,19260.4818245,18568.0513037,18848.9400893,18260.3855859,19060.8813655,18795.78645,19317.8085396,18806.4440016,18871.6965334,18606.1942722,19187.88098,18515.1532949,18709.2675969,18742.7988112,19420.7256154,19479.649888,19692.930814,18796.4844001,20212.3489203,19362.3798911,18627.3494091,19372.181306,19201.435425,18948.3566338,18517.7593674,19543.039049,19322.866653,18468.0348724,19293.6042407,19246.1511733,19297.183375,18884.8826324,19166.5702553,18752.90129,18864.7591739,19503.720232,18575.0108788,19464.3665648,19271.8619251,19171.1860357,19458.174113,19175.6211185,18800.6874544,19449.056441,18737.8029915,18962.735402,18522.8449792,19581.307268,19774.814952,18659.116851,19367.348298,19244.361107,18604.3739173,19063.827625,19128.4801433,20174.4297787,18864.8206256,19721.692814,18342.199641,19484.907425,19433.794376,19670.0640948,18488.2678636,19114.6683412,19113.2447623,18144.903712,18986.401726,19518.6972861,19379.6088339,18973.3723949,19130.607558,20069.951661,19460.633746,18858.3261374,19018.0947661,18698.2803802,20163.6822678,18826.4998843,18770.2617692,19095.5503322,18941.3744911,19526.6308758,19238.987337,19470.6469002,18971.6017953,19390.609375,19352.0440749,19484.1848,19868.9909649,19936.3567837,19721.3893163,18639.6553198,19685.6157565,19304.964312,19118.002556,19537.475661,19325.1194228,19090.5183079,2010.5
19664.3109225,18640.3804796,19417.8734155,18334.1631074,18996.4563815,18366.314069,19087.186884,18767.4553164,19161.839942,18765.8148929,19092.4197035,18846.4743951,19364.1662249,18552.8628887,18924.7967652,18917.4825966,19711.0338835,19775.3339466,19898.8543938,18633.47126,20215.4328509,19543.7830632,18892.0468732,19377.0073225,19309.4209088,19042.9096296,18769.2570278,19481.060065,19584.0696595,18365.8945437,19558.6020405,19458.390213,19671.174212,19124.3483931,19089.9601969,18567.352646,19023.8177848,19848.9784372,18605.6628878,19719.3556008,19329.3928087,19307.359599,19334.0262287,19182.3780752,18600.3776333,19448.4197079,19065.7959329,19309.2263726,18509.418273,19271.2181944,19907.7559145,18734.9885643,19616.8257989,19393.9959157,18547.8929938,18746.1788513,19511.4275783,20304.113091,19179.0963574,19759.334117,18655.314356,19657.8841998,19465.525094,19786.2555203,18568.4419999,19247.5894622,19188.2559517,18400.429611,19253.7634467,19459.9936507,19206.2773026,18988.2959982,19181.2890908,20118.3385308,19565.938113,19008.5032569,19104.8957431,18638.4555008,20321.4230303,18564.8591785,18740.0101716,19110.3369256,19100.1585488,19618.605486,19492.0533979,19286.0938248,18921.1423446,19402.4258037,19622.4342486,19731.6604647,19946.2956191,19869.935516,19649.9011032,18909.1009816,19917.258376,19394.7249308,19414.6215711,19406.2596565,19604.0676695,19158.8456245,2011
19063.4756442,18293.6893397,19030.9576839,17789.038121,18217.6532043,17672.7028644,18421.9806668,18087.5408512,18419.2527875,18010.0629088,18683.8197508,18425.9426486,18901.426109,18047.8132067,18326.2252019,18293.1342148,19130.2368233,19362.2066114,19346.8831547,18046.6587634,19267.0220689,18856.5127354,18331.2666952,18498.7100634,18683.7081425,18380.3666616,18309.2178283,18768.339831,19008.5850725,17733.5599899,18900.9781653,18854.1766362,19027.342383,18556.8792532,18151.6489981,17942.497794,18382.7018176,19199.7188414,18015.5943018,19237.4275099,18641.4816747,18547.4513554,18552.3085614,18653.6771606,17849.4921064,18580.2293499,18751.982203,18957.3539403,17998.7919662,18400.3777139,19155.6287395,18134.1327805,19061.7073313,18707.6956174,17996.6830648,18062.622798,19257.6057307,19622.9264746,18581.7863695,19177.149366,18103.478092,19001.556792,18900.30262,19043.3628754,18029.4726083,18660.9441802,18313.1485251,17921.329704,18658.9066348,18615.9090052,18345.765502,18249.9336832,18607.207181,19282.4316055,18900.788303,18413.0043045,18469.1389861,18009.1765638,19579.6674195,17751.0403876,18110.7838206,18398.7354827,18521.7025912,19135.5333856,18744.4082502,18555.7186284,18233.5306865,18774.9272047,19093.5383279,19248.3067451,19186.6758804,19061.3966525,18510.3498549,18468.86937,19168.1331355,18813.31432,18780.2391815,18595.1280486,19131.7431445,18455.3547927,2011.5
18530.4373768,17697.2713443,18352.5868332,17157.7634632,17212.5189762,16689.5967729,17452.8859244,17273.8682461,17440.6061647,17067.2482689,18055.9332092,17703.2660076,18146.7752076,17210.3835483,17538.3871661,17385.1175295,18161.6422304,18510.4793372,18482.8178371,17393.856728,18214.023282,18050.3232857,17485.9654197,17539.4191549,17882.7322245,17435.9882544,17460.2267126,17806.4964046,18027.3478975,17137.5729612,17965.4922304,18150.7464279,18071.7901767,17629.3688073,17113.2834342,17179.202798,17511.3809125,18314.2635954,17342.0749755,18452.0760754,17856.7651853,17488.8698363,17509.6644159,17934.4518301,16970.0333497,17541.677787,18207.1324057,18285.2483523,17296.2043865,17445.8469409,18121.6665996,17248.1137326,18274.8893481,17903.5936809,17339.4839115,17424.9611285,18516.6427467,18455.8364475,17668.8990332,18406.1878997,17224.534301,18214.3922343,18178.813345,18062.4604238,17173.1949222,17756.0340742,17100.022438,17347.272073,17705.4392243,17612.7206386,17300.4883483,17251.2513263,17717.3953129,18359.0573827,17887.0444804,17578.324124,17745.1975848,17254.6526906,18537.1340423,16886.8555611,17350.9455778,17469.8543422,17702.5164798,18417.6243515,17670.1062989,17731.103449,17358.6361585,17934.1838551,18281.6366311,18368.3424125,18180.1061818,18102.0236273,17283.1508222,17730.5727372,18068.312997,18052.1630803,17809.6061043,17670.6832313,18285.8968981,17644.0515614,2012
17910.8665328,16912.9941135,17541.4350182,16366.4738022,16289.9168409,15749.6875917,16391.5829868,16492.4883086,16511.1065063,16083.3107874,17191.4417617,16800.2228291,17260.1551849,16297.9540095,16530.0052028,16513.7199832,17061.8286613,17614.8579251,17568.9287113,16670.9170464,17072.8098184,17009.1970525,16434.3397503,16503.6015817,16882.36324,16489.934145,16494.9421554,16947.009572,17094.0367341,16457.7173539,16903.7121639,17309.9800908,17173.7714864,16702.5856135,16023.6197685,16389.310888,16432.0039383,17265.3036526,16419.2654485,17581.4668214,16812.9792364,16415.7809135,16571.9585212,17144.1492695,15930.9284476,16538.2823317,17411.0645392,17510.4825738,16508.7818861,16611.6953307,17105.3394615,16240.3908152,17317.4407132,17083.1268945,16470.1160826,16614.9178089,17714.9639559,17021.2074384,16701.7520051,17470.170144,16253.393745,17313.7206922,17258.696984,16962.8497392,16210.549255,16779.7886541,15970.7909518,16757.268134,16718.7428851,16459.2952494,16322.9679331,16248.2741999,16813.6181262,17311.8377664,16964.806678,16705.1987918,16905.2198535,16337.1033809,17476.3185338,15940.9137654,16594.9477893,16427.7064152,16791.5448624,17587.2762482,16648.7117281,16873.5349157,16347.8002975,17165.4156841,17274.8174498,17463.5372137,17034.5546693,17127.9609829,16031.4263338,16724.0293155,16830.9631147,17163.7690855,16674.4550976,16750.1661954,17238.6023834,16793.4326727,2012.5
17303.3181155,16344.0353841,16987.3200865,15852.9727918,15723.7217694,15165.0499806,15693.0144323,16046.8727394,16034.4047849,15584.6902308,16456.1101283,16267.7008837,16482.2579809,15614.3724522,15883.0731122,16079.5571633,16336.7891607,17119.9688484,16902.3377983,16299.6922145,16468.4281034,16373.6094555,15739.3145386,15788.0606118,16075.1443369,15840.84901361,16085.4497391,16456.1358321,16409.4797546,16025.7287631,16091.9391213,16588.1602439,16536.471683,16116.0950844,15279.4749962,15787.7123476,15770.4668136,16543.8125535,15789.0741665,16881.2338099,16137.0123652,15774.7939273,15915.4893368,16615.2221087,15221.7155989,15983.741436,16758.8224143,16902.9271194,16020.3492343,15906.1769213,16463.9997788,15546.7389532,16714.2317643,16559.7116301,15937.779102,16083.3583415,17201.2504264,16024.9323398,16109.20966,16781.3215684,15723.0911167,16839.2107665,16755.8159226,16286.3667783,15609.6361354,16119.5986028,15455.2006694,16243.492131,16014.8852645,15655.9668076,15757.1399399,15635.9376936,16265.3150185,16678.926753,16547.1481452,16019.827963,16332.6821754,15805.8320451,16787.4348646,15407.6087559,16125.7860542,15685.1063133,16247.6197159,17022.0515257,16102.2085981,16232.7843287,15633.8778881,16690.2366136,16579.9445732,16669.1813232,16236.9860235,16475.3635934,15080.8023267,15843.1175396,15870.5813712,16549.041129,15784.1750256,16059.3502861,16406.9581066,16289.1029505,2013
17618.367851,17343.5857521,17800.1975498,16726.3622901,16706.9419998,16103.1851908,16533.8900446,16696.7265292,16897.057865,16776.8607134,17006.1612745,17019.2742156,16921.1009338,16319.9334827,16523.5161891,17021.6066543,17026.75316,17872.0047069,17391.0574507,17027.4758169,17418.8948058,17100.6583978,16594.6963185,16441.1483081,16766.7922324,16636.99513325,17021.0645269,17186.115412,17074.1425451,16860.0775565,16782.6510066,17282.7428687,17246.60492,16995.0907919,16019.3326236,16538.0409298,16677.5408399,17132.2139661,16696.9428939,17501.4031232,16832.8615337,16657.1223616,16468.0164678,17281.7771201,16062.1265884,16724.3707396,17375.1653952,17747.0251858,17093.5613522,16879.1409901,17117.2959275,16231.3261364,17137.8191199,17331.0835841,16830.3809586,17082.6725734,17895.4715566,16334.7564483,16749.2190406,17397.5254578,16523.541398,17513.4468443,17671.4290981,16964.7249032,16324.9097119,16889.6081649,16537.414221,16846.016588,16866.1729257,16531.6303808,16691.5272021,16451.9582826,17097.6922529,17351.8788859,17496.5632552,16797.155252,17138.7655049,16842.6302451,17517.8657282,16012.5884033,16813.9029242,16465.8180551,17019.2562138,17866.5129717,17200.2503887,16941.2489592,16298.1444839,17542.4045114,17352.4993694,17228.4792156,16777.4497547,17112.2486825,15772.7819305,16478.9017782,16220.2890755,17328.9562438,16293.7191367,16693.4253283,16950.5156806,17173.4304387,2013.5
18902.1956998,19712.6184195,19633.3560348,18843.9366372,18828.2953699,18213.624212,18537.2984321,18302.6991822,18674.6163464,19293.5462238,18651.6604407,18944.2564748,18677.9844295,18036.2996056,18068.4393964,18932.7104633,18884.8754633,19645.7519278,19075.8194129,18740.4733281,19440.8677327,18800.6183912,18798.4632815,18303.4496985,18730.4588007,18507.86684841,18958.506152,18870.5745062,18827.2764428,18511.7704082,18759.1780029,19185.7138023,19211.2772,19221.5559304,17883.8881553,18463.9380863,18823.8518106,18942.9806813,18826.9286791,19187.7612812,18707.7247781,18869.6708156,18097.7420584,19122.4586066,18197.9530127,18424.4425398,19094.5641932,19845.1866032,19294.7843286,19205.3858595,18898.8761869,18175.039371,18673.1744807,19076.0839997,18842.3633234,19317.941791,19591.743843,17913.8003415,18479.5882163,19028.1560553,18497.2050471,19157.2410291,19612.8546784,18722.8374221,17999.9280756,18660.4112115,18835.3957481,18749.26191,18923.6500615,18660.4632694,18683.5584643,18486.9341076,19053.438794,19121.2124872,19383.8025359,18680.331069,19145.1683032,19116.2095998,19307.777498,17481.3341212,18538.6006718,18464.1609075,18766.8837942,19811.7044904,19285.3526369,18789.1834314,18095.979752,19539.8165181,19213.9074912,19040.0266531,18372.5768809,18724.2755037,17638.9714531,18309.2642421,17738.3362891,19234.8397444,18327.0234655,18387.6672608,18646.1272198,19122.7160894,2014
19904.8076196,21333.1918785,20686.676627,20360.9746825,20381.4843729,19697.2637432,20082.4953548,19553.0072038,19906.5616273,21084.8197159,19827.627547,20300.9197295,20029.8101303,19424.7461066,19226.490917,20304.0734045,20259.8040946,20855.5964043,20130.2596732,20154.8523812,20887.3508153,20042.4521252,20339.8512519,19894.4108929,20320.4657517,19845.72258462,20300.6364572,19962.5215782,19906.3182087,19912.5071572,20195.1757596,20527.0507715,20773.2841697,20871.0145513,19505.5648321,19865.0086306,20592.7555816,20356.2296264,20404.0139237,20432.7875136,20171.3123965,20443.3410821,19252.647421,20252.2491645,19826.8773245,19655.3378645,20435.0528823,21401.0826057,20745.1086725,20790.6101582,20303.7248657,19816.0513542,19830.8647648,20268.8062453,20304.1882008,20839.0887322,20658.0973642,19198.4272674,19770.2419922,20053.5415936,19875.3671018,20417.4501044,20800.9197298,20234.739988,19333.3637611,20046.7648755,20542.3556229,20226.878507,20452.2655318,20093.898977,20170.4453906,20066.8567403,20286.2615664,20499.7710983,20774.0780851,20114.8103312,20780.8349805,20760.3746176,20623.2006349,18544.167548,19887.3243985,20131.4081615,20112.6600961,21131.2602371,20820.9654487,20207.3004251,19638.4803187,20953.5517996,20512.9056938,20258.7476497,19591.5910272,20011.2321048,19253.027392,19860.8088627,18915.156773,20640.4460301,19867.3437267,19558.5732652,19833.1931947,20344.4457138,2014.5
20143.3025657,21813.8009589,20566.5428802,20783.4129494,20677.7846111,20049.2829057,20366.1053448,19847.5656374,20207.8218105,21674.3623106,20124.880133,20664.12332,20337.6389965,19672.4533762,19733.4763559,20618.9081913,20537.9425632,20998.884674,20157.5224074,20528.5878218,21036.4596745,20409.2390601,20516.0723636,20482.2170291,20923.194589,20269.53334239,20461.17651813,20104.2888057,20070.5095773,20452.8977186,20313.2016422,20825.3515301,21312.3750569,21236.04964332,20050.1285922,20180.7814559,21130.5666791,20650.8271155,20788.7430874,20616.9648292,20561.45135581,20743.2494882,19404.1748334,20285.519479,20319.3692466,19837.8308241,20571.7174682,21565.1459167,20796.3533077,20961.2491512,20589.7969033,20312.790054,20158.8194287,20463.9213382,20670.8077762,20942.9756821,20599.543663,19728.8058923,20178.0196256,19982.1952845,20056.0667388,20698.9711434,20858.5891093,20747.38557732,19591.6674121,20699.22456,21012.512869,20658.3424116,20819.8733938,20289.793112,20567.9028764,20592.129791,20330.9801954,20970.1083335,20965.6661623,20399.7946344,21206.1540813,20997.8819615,20860.6776227,18790.6110063,20242.0268045,20579.1734283,20447.2994459,21129.1692499,20960.3773299,20703.9853387,20288.8194531,21164.8033567,20797.39677284,20268.5136262,20040.3108312,20473.0905384,19890.1936235,20411.2446738,19328.8334901,21011.453331,20277.9528963,19734.9038238,19873.5014843,20324.5201421,2015
20225.2962108,21525.3722903,20137.9426463,20673.5958153,20389.6376166,19967.3051977,20058.962628,19844.7865292,20048.3849992,21467.0792503,20171.0532206,20527.5049432,20341.4546812,19602.7249797,19843.471427,20652.8934029,20442.5745103,20909.5106101,19860.9783517,20565.3536253,20698.2690034,20389.7961497,20363.9524629,20546.1415955,20948.6778483,20267.86902101,20241.7819839,19916.0204074,19814.6493385,20396.021712,19965.6187586,20744.5534787,21146.8196357,20937.357183,19978.9086513,20064.0418149,20953.0543552,20467.0146956,20463.8986186,20321.3769676,20425.29310775,20720.8156732,19477.8327449,20253.0475473,20439.7862078,19748.960603,20463.743032,21374.1157381,20343.5596423,20593.6933453,20374.2673447,20453.4311784,20145.7568868,20267.9975205,20521.7998427,20541.5007017,20403.6621293,19974.73681,20249.0317135,19663.2572131,19843.9932284,20692.7087343,20597.6030431,20735.3827518,19486.9998733,20775.3088829,20927.4336131,20567.7638115,20540.1081603,20075.6746036,20413.0343566,20650.5131469,19896.4431547,20892.9381291,20840.0298115,20452.2752462,21036.6506812,20750.0921951,20805.9886189,18982.174624,20206.2211926,20435.610059,20567.3926698,20760.2832222,20622.4245301,20617.4634361,20519.3542995,20853.3920483,20625.1522265,19913.1027254,20212.2297024,20348.7889271,20080.4295252,20432.1961437,19492.5347587,20850.8023135,20275.9260361,19500.970939,19729.195278,19966.2541626,2015.5
20420.1159758,21016.4678992,19821.641628,20492.4816206,20156.7179507,19824.8672171,19848.2851169,19780.3131926,19999.1399047,21151.2522399,20179.4330773,20280.85689906,20236.7922787,19622.1227094,19956.4978047,20521.97316544,20175.0854914,20849.05387102,19713.3181089,20507.4390419,20398.4815811,20106.3429104,20233.030951,20505.6050107,20669.5361946,20216.61269186,20000.8791524,20068.0348759,19719.2868832,20321.86751285,19734.6859078,20622.7131297,20821.6908325,20528.08328359,19711.3092126,19978.8979944,20601.4003934,20225.118321,20245.5066184,19958.35465,20375.01793079,20737.1728179,19555.0214529,20327.3363651,20534.4099436,19848.1784085,20332.5065636,21156.0335232,19765.0300448,20171.3387513,19879.88122,20511.4558438,20058.1784817,20106.3150882,20438.1140201,20327.7439322,20388.9247322,20240.2059049,20286.4118106,19618.8389211,19815.821403,20539.184152,20393.1692706,20656.00687654,19437.2502321,20835.3940908,20671.23982116,20469.9990659,20234.3422544,19828.9375382,20170.0858871,20606.7093192,19728.3844062,20676.8793616,20617.0476004,20636.1788564,20853.19457682,20405.0016716,20827.2629769,19399.5025592,20391.55961653,20412.5436527,20570.080393,20453.0705085,20231.6862224,20601.6616538,20475.4538683,20585.2831678,20255.08929951,19873.3836591,20308.3628247,19951.3378395,20243.4087529,20319.5582665,19620.4839034,20679.4119486,20444.0956603,19630.7782186,19791.1793354,19621.63069199,2016
20492.4996561,20365.3288815,19566.0096816,20152.3923455,19732.9699193,19621.7205153,19666.8501637,19600.7031998,19806.5127121,20604.898805,20045.3409592,19820.00751896,19921.9562041,19642.5405398,19690.8759957,20303.1540071,19775.9366807,20667.5412998,19486.0197455,20179.8047794,20103.2437343,19710.8080554,20148.5989727,20480.8065185,20297.5788189,19998.74222126,19726.28126346,19891.257657,19703.4109793,20117.23692898,19463.6919951,20340.5939378,20316.1074467,19982.51354517,19410.0843606,19943.7725343,20033.7064046,19906.2478544,19875.4045104,19522.6463862,20184.31609943,20393.6953758,19713.5057345,20261.041118,20348.0236927,19733.6453346,20086.8741643,20742.4991487,19248.7573976,19879.449016,19410.909062,20370.7100876,19915.0768447,19933.3387949,20114.2711241,20052.7514484,20241.7031754,20295.9671014,19989.1221625,19600.6267885,19737.8198217,20231.5588806,20058.3424236,20276.39312778,19261.8020759,20561.4913619,20210.75375952,20190.0886301,19699.0066576,19574.0051294,19823.6951472,20371.0210784,19495.6256785,20096.2890413,20295.822761,20507.4307632,20445.6464437,20011.9787158,20688.0218103,19722.1737385,20359.0020982,20151.8419182,20396.7972181,20300.9799093,19873.3753011,20382.0212387,20046.918642,20297.363181,19942.63633012,19636.9263079,20164.0433041,19358.8256811,20185.3867252,20030.8427958,19587.9619942,20509.4145453,20371.8023526,19626.1954282,19941.7324193,19295.02981948,2016.5
20311.6592601,19530.9576452,19314.7690714,19554.6506888,19359.9160086,19365.8759204,19317.2713855,19129.6823099,19329.7877772,19907.9193646,19449.4060383,19178.40628419,19314.0502751,19666.22097909,19195.200757,19859.02385398,19376.8159988,20144.18425361,19126.1560954,19657.6661249,19536.2553216,19267.4215181,19892.0654757,20300.9408786,19709.0069734,19415.46024546,19286.70210983,19431.6742935,19365.3974594,19814.33456686,19237.70816902,19852.1713897,19738.0592142,19338.16154783,19117.6923852,19789.9825055,19258.190546,19226.1240499,19476.6899456,19006.4684693,19959.08693162,19691.0060271,19720.5276185,19968.5647111,19948.24106914,19263.769063,19498.9524212,20131.2716019,18779.3581222,19604.8141219,18881.6161197,19907.6023576,19462.4873458,19554.4085787,19316.3882228,19709.2370275,19722.5742774,19912.70828861,19726.61653731,19431.9605427,19288.2754979,19599.9650904,19493.431281,19685.78422292,18978.9121656,20067.9791935,19438.24717862,19557.9094303,18893.2372167,19069.85185447,19330.0413775,19758.4173114,19095.2320966,19352.8898136,19883.8032244,20188.6285526,19818.04109896,19642.6149576,20295.1822088,19873.9626294,19986.08246426,19807.6599022,19828.6706665,20067.5283516,19363.94645384,19845.1304875,19505.8416488,19970.202465,19450.57156449,19066.399623,19735.58788776,18812.16834101,20021.0225535,19345.0267326,19177.9833044,20218.2777067,19825.0129649,19290.0312196,19893.1423406,18864.18480492,2017
19801.2799382,18656.9300345,18820.2135894,18822.7774821,19017.1815539,18872.313853,18857.1776091,18392.4685319,18756.7433429,19199.6082278,18764.2223689,18499.02705489,18586.3599606,19278.7140695,18622.7805854,19190.04909306,19009.7310717,19263.74582745,18716.0037489,19001.1733535,18872.0246676,18753.6125318,19251.5856821,19952.0528951,18910.6864734,18721.98561177,18884.38018103,18646.0369477,18841.936583,19205.73742031,18930.0799863,19305.3695894,18892.6926355,18675.64526623,18919.9926835,19305.7541989,18475.7627902,18622.1154292,19113.3502385,18472.3767599,19492.75505788,19011.9195304,19465.6389358,19417.703761,19272.1088052,18702.1095358,18718.8292678,19267.9515099,18310.0021122,19234.184727,18520.9152503,19271.8780489,18797.7491487,18967.8872115,18377.5405567,19364.9150293,19091.6809492,19460.1037228,19179.7010554,19224.0872847,18519.3599677,18942.2476584,18907.9335047,18637.62106687,18533.3853839,19339.5226468,18797.43711325,18679.5716353,18404.3256701,18502.6792356,18792.3704436,18983.5232605,18638.6278229,18519.3611574,19322.1310872,19681.0546352,19040.12257828,19101.6504582,19699.5473055,19554.8936908,19379.80049999,19172.3033793,19120.2045683,19468.5640271,18866.5385717,19274.6027468,18856.6628789,19321.5793142,18848.22170005,18253.2111975,19133.0608131,18229.6394905,19788.5286859,18609.7650777,18724.2966864,19783.8266698,19039.9714815,18836.6351349,19494.0500727,18297.59608661,2017.5
19017.6006739,17722.79081134,18145.5377329,18066.1134432,18490.3208703,18266.5763355,18330.9661896,17560.4580688,18082.461899,18567.7443858,17849.629987,17795.43621167,17823.1934443,18730.33404833,17843.81483298,18496.50401898,18574.9289027,18303.51228123,18192.0728729,18253.3888317,18097.7100303,18337.52604582,18288.8202431,19406.4974725,17909.1023261,17798.54453342,18385.3387078,17822.7761684,17968.8466792,18307.02530806,18556.74641097,18526.2025748,18124.6739725,17915.17851111,18701.080898,18714.844553,17771.1015315,18070.5026659,18620.7440105,18009.4601145,18798.81633718,18411.5146772,18876.4114951,18716.9780716,18346.63299031,18088.4656669,17891.8398857,18251.0451199,17708.8337581,18766.8766065,18283.9325377,18326.1066858,17956.3,18302.8789379,17539.2037707,18893.7566587,18263.8745123,19040.51169396,18567.44909471,18724.21393823,17604.7970866,18260.0883895,18502.3122593,17473.80010295,17818.8365074,18569.3676645,17932.06800942,17955.4150572,18037.2670514,17806.28424324,18355.046299,17962.5559473,18132.2036021,17670.87667025,18761.2761275,18969.7251754,18309.41419473,18438.1983925,18788.1527666,18979.8681894,18583.69209636,18513.8009373,18533.3174307,18591.9425637,18166.91120485,18702.3589348,17979.1922044,18505.8984297,18314.87135192,17430.3652573,18482.33765967,17742.77643821,19443.4263437,17878.74866128,18233.951039,19179.7301088,18188.5318262,18119.3356175,18727.033082,17688.77304487,2018
17994.8670131,16800.6464502,17479.490636,17311.8331962,17744.856174,17529.2440444,17692.8412145,16831.7232682,17331.6584764,17802.4111641,16915.838544,16829.10884775,16984.7206261,17840.11687645,16776.3619404,17621.24649558,17789.3569868,17317.67206436,17186.6135631,17299.9489002,17110.2663799,17608.87844922,17077.4893659,18446.7959869,17035.8913195,16886.30237245,17575.02476753,17001.5293466,17019.1866198,17246.87968703,17869.78046915,17684.2104901,17258.4342988,17097.14670266,18105.7147139,17836.9092237,16903.7859129,17440.8159876,17859.0385781,17256.4529008,17775.72628609,17890.1917607,17854.4810015,17856.8987154,17305.76508268,17272.0897327,16898.5291442,16992.4089169,16971.0082194,17926.1233964,17964.3127887,17083.6906808,17166.698562,17355.1971757,16537.8868134,18277.4555173,17248.9804911,18444.15909236,17729.36776471,17948.64254183,16946.8845817,17417.6680722,18034.8754296,16464.98426062,17312.9074797,17789.6140086,16848.98484569,17210.7712873,17556.03881,16977.87323735,17688.3587421,16811.5689637,17435.1958821,16702.0649019,18027.512953,17911.3386818,17561.06017241,17884.7218029,17603.5089891,18069.6021747,17522.56104864,17849.790618,17748.6170066,17344.0234978,17582.23023888,17987.5684544,16880.8712122,17602.9523571,17496.56382543,16595.0709734,17472.68334141,17163.41962276,18820.1384279,17149.8848931,17642.0377199,18397.6235423,17119.3140073,17440.1135147,17765.4843633,16945.77608769,2018.5
16896.96387264,15990.42605559,16812.5790788,16530.95931,16934.6056416,16927.9699529,16917.6428065,16256.1153079,16561.5431396,16688.5658706,15983.0633282,15757.7196188,16137.5217603,16968.8411685,15421.70421561,16781.27431391,16736.80006146,16193.31664531,15904.5397422,16257.0687367,15970.228233,16657.37988205,15865.3874401,17156.5776617,16361.2875115,15895.05414547,16539.42470954,16112.3255551,16159.9346187,16048.78226172,16800.13244591,16813.8421432,16273.3495839,16294.41339626,17180.8598356,16937.9258671,16164.43609,16775.2107072,16711.4803169,16358.6427943,16552.35221294,17089.2825524,16753.4464599,16903.5894919,16253.37987553,16202.4327058,15766.4861011,15483.7450527,16291.4792428,16965.6198151,17328.2293125,15655.3022412,16458.9471661,16361.5735925,15432.7998895,17458.1379654,16254.0743114,17673.29911292,16751.11044433,16986.81953653,16402.0323872,16515.1812693,17482.2451705,15729.89539109,16631.0458637,16869.3573074,15722.89491208,16426.7990181,16805.7267748,15810.73783039,16956.8863879,15480.28553244,16854.1144058,15787.0106844,17233.2947183,16653.5618506,16836.84203193,17253.8295674,16157.562407,17091.9359618,16209.55372132,17170.1447667,16875.1676368,15894.0423978,17023.2956708,17032.05028307,15513.76454334,16588.4721814,16310.40919312,15734.2781865,16430.14359663,16515.3434137,17741.7066578,16226.63442127,16736.85174242,17524.8531393,16042.1688867,16879.3171548,17004.7113124,16210.74089986,2019
15777.8289942,15061.00839418,16261.2510002,16006.0315087,16350.6357193,16257.2108453,16240.1209156,15819.6070441,15948.2830806,15224.1053348,15057.6983065,14597.23420496,15288.1363817,16588.11173707,14141.0495909,16087.24390775,15860.3077242,15104.83465037,15202.9752088,15375.4217543,15056.5770136,15887.12298025,14885.5739397,16038.8886334,15880.9392799,14727.65585469,15194.34827869,15570.8132559,15239.7299434,15216.14463572,15597.20851211,16023.6658432,15433.0269284,15571.79712192,16356.4771098,16200.4752432,16193.3604741,16388.2154945,15401.1535069,15739.4295953,15192.97360176,15947.2281976,15685.5846602,15860.5010222,15510.32671919,14930.7546087,14618.8306416,13784.1131572,15665.1427124,15914.6389765,17026.0401684,14144.0509963,15748.3660414,16175.1680252,14693.4430541,16437.5499974,15657.9188861,16789.07126139,15825.47447623,15896.0653803,16309.465367,15743.1240362,16676.4060768,15557.47901198,16232.8936465,16361.4682089,14962.14913254,15534.013436,15921.8277951,14624.18130177,16433.931571,14252.85706138,16325.1644113,14923.08615541,16333.4242024,15468.3312502,15868.02856074,16454.7261371,14667.8859717,16038.3863319,15110.38464286,16330.4752157,16251.6141413,14662.099066,16435.75734959,16044.91240458,14119.7284345,15722.3878623,15045.4780554,14893.2186049,15698.58960378,15715.07151547,16689.2781357,15735.6273439,16057.2107547,16712.1491836,15477.4118817,16135.4724562,16501.7796485,15389.94882236,2019.5
